geo,name,2000,2001,2002,2003,2004,2005,2006,2007,2008,2009,2010,2011,2012,2013,2014,2015,2016,2017,2018,2019,2020,2021,2022
afg,Afghanistan,,,0.89142,7.28044,5.53527,5.31935,4.68654,5.65337,6.121,5.41737,5.47462,5.60623,4.34189,5.03476,4.96026,5.17224,5.07785,5.09582,3.8878,3.35139,7.63642,3.30272,0.78599
ago,Angola,58.20957,45.64085,39.30446,41.308,42.51448,44.83418,53.77399,57.89379,64.35443,67.67429,62.11628,64.75706,65.25455,62.0298,54.15326,47.36523,44.13826,46.27865,42.54281,45.39327,51.92152,55.27504,51.60069
alb,Albania,46.53004,46.46233,45.69915,45.17244,47.8622,46.90119,46.82563,46.37696,41.759,40.48228,38.14059,38.78395,39.87333,41.02802,40.30806,41.88942,42.82015,42.17532,43.10669,42.68025,39.84601,39.6872,45.19117
and,Andorra,65.41167,65.20614,66.3105,64.02557,62.0246,64.18534,59.83186,59.84716,65.1694,67.84007,73.99111,73.58311,69.50762,70.14201,71.04855,71.92554,72.09361,71.93776,70.75121,71.31783,72.60459,74.00548,73.46606
are,UAE,68.83046,77.0104,61.22885,61.27508,57.10731,56.84106,57.30422,58.6737,63.91039,73.68284,70.85416,72.42097,72.54479,71.97173,70.97639,71.25105,76.2764,54.81139,51.57846,51.17391,60.9861,64.1068,59.23064
arg,Argentina,54.7317,54.85204,54.55613,54.71242,51.79897,51.41911,52.60231,54.30964,55.09854,59.96014,58.95256,60.32123,62.42687,63.59713,65.42355,66.71374,65.39313,64.46273,58.59922,60.5685,63.98451,61.12746,58.36897
arm,Armenia,22.75322,28.82457,15.39144,16.80313,21.37231,25.22076,27.11775,29.3534,22.41244,21.45593,18.259,17.84222,17.27693,13.32557,14.79111,15.91488,16.45258,13.24471,12.34011,12.40508,19.2535,17.76139,17.2188
atg,Antigua and Barbuda,57.84612,59.0786,58.43794,59.90863,58.0332,55.62261,52.95464,51.33233,50.7641,54.89454,58.31645,56.94828,56.29526,56.08194,59.15979,59.78766,55.84991,56.16209,60.07439,58.43976,62.28354,63.00734,57.40575
aus,Australia,71.83633,71.10848,71.93769,71.34126,71.6871,71.83749,71.66631,72.9062,72.32992,73.01054,72.35728,73.2603,71.23466,67.72799,70.11462,71.02828,71.10355,71.25541,71.49373,73.78526,73.68559,76.04152,74.14198
aut,Austria,74.16341,73.64529,73.43814,73.13827,72.05495,72.65169,72.85014,72.79901,73.7876,72.84671,72.39571,72.68903,72.87379,72.16906,72.51709,72.45601,72.35966,73.80551,74.47271,74.88421,76.85112,78.11663,77.46796
aze,Azerbaijan,29.39698,29.02164,27.05659,28.3738,32.29572,39.94744,41.91232,45.62399,42.24292,40.98782,38.29708,36.60181,35.34202,33.05684,31.50672,30.06648,26.35347,24.65527,23.16248,25.56861,39.81031,31.61756,30.33074
bdi,Burundi,34.70242,29.78705,28.70185,25.70115,33.37493,27.28089,27.13312,26.82294,20.14007,22.53802,17.59704,34.4696,30.9056,17.85823,38.64748,38.46515,31.66303,28.96152,28.20853,25.13972,20.1439,24.76643,18.90351
bel,Belgium,74.53091,75.33212,73.72327,74.0882,74.96882,74.7711,74.55923,74.15681,75.72202,76.27316,76.22052,76.15606,76.44509,75.9631,76.10593,76.36655,76.75969,76.72294,76.58866,75.25446,78.12389,76.70116,75.18476
ben,Benin,38.58332,37.37374,31.33202,33.95888,35.93184,33.14779,32.88234,32.93759,28.00041,30.04043,24.99409,21.73783,24.2833,26.65324,21.37866,21.65677,16.83768,17.07419,15.56364,12.41332,19.12105,12.31288,19.23644
bfa,Burkina Faso,32.5833,33.63924,35.60902,31.18564,40.30578,30.94971,31.69764,27.36343,29.28507,32.30835,24.93154,28.95878,23.12789,28.98209,32.53527,28.37508,40.08373,43.30178,42.50741,41.81359,43.45897,42.81739,40.21816
bgd,Bangladesh,28.1666,21.66823,24.30713,24.61207,24.06328,21.8778,22.73098,22.48718,20.91897,19.93485,20.56866,20.40087,19.95434,19.0466,18.51753,17.09586,19.90325,21.2278,20.96881,19.79063,18.0467,16.90373,6.48058
bgr,Bulgaria,59.55729,56.07351,59.33761,60.71678,59.42908,59.57205,55.67277,55.74913,55.39444,53.80401,55.24333,54.13436,50.79978,56.56291,58.2386,55.8973,55.13335,54.93419,57.63652,59.15583,59.84019,64.38867,62.54858
bhr,Bahrain,71.09094,71.68609,71.25164,65.96889,67.3362,69.87419,69.40021,64.25352,65.20483,66.15504,65.20017,65.3317,65.3484,65.18133,64.98168,65.01879,61.36576,56.88353,58.83235,58.27349,62.92516,63.83311,64.91063
bhs,Bahamas,39.57865,39.90872,39.59148,40.50924,39.83109,39.37672,38.45758,40.04133,42.86846,45.57729,45.07815,44.60906,43.49755,45.62892,44.95012,44.35181,48.60113,55.22931,49.63326,51.90351,59.67696,54.0932,56.37085
bih,Bosnia and Herzegovina,51.16267,57.10806,59.76089,66.16155,56.95884,54.57805,54.5629,55.33282,55.68477,68.03463,68.06683,67.67099,68.64822,69.71353,70.36661,69.21732,70.89726,70.12524,69.86697,68.72327,69.60146,68.30247,65.78981
blr,Belarus,78.66545,74.61546,72.53397,75.99232,76.69067,74.49913,71.50664,70.18518,65.78204,64.56335,68.04416,63.35825,65.6519,62.65648,62.60077,60.78436,70.94084,69.10973,70.56276,70.38102,70.88409,74.22771,67.5537
blz,Belize,46.03773,51.06252,51.46722,49.6623,50.03706,51.85334,55.62245,58.6005,64.55573,64.25091,66.55598,65.9986,66.02672,66.21117,62.37167,67.88059,70.03609,69.4055,68.74919,68.77599,71.10195,69.62101,62.31736
bol,Bolivia,55.32917,54.17407,53.14352,53.00777,52.13727,54.26985,56.02087,59.09321,58.65034,61.03663,58.76804,58.39108,57.03056,58.52253,62.62419,65.74084,64.82121,68.52771,72.65297,71.08984,72.32568,72.0884,69.82246
bra,Brazil,41.63556,41.08931,42.3871,42.85684,42.67027,41.63146,42.92739,42.48597,43.74353,44.16327,45.02125,44.49916,43.36181,44.51945,44.05275,43.25646,43.05796,41.73838,41.09182,40.74078,43.35229,44.69211,44.89781
brb,Barbados,51.85348,53.28872,53.51587,56.28889,59.36916,57.23898,56.26897,54.46463,55.32674,54.57362,53.42999,48.47717,55.33292,51.42476,47.12921,46.7698,46.03868,45.05372,45.48932,44.8798,49.38206,54.29811,45.03743
brn,Brunei,84.16869,83.19325,83.58945,82.94866,83.09052,83.66604,85.31147,87.215,89.89176,90.5006,91.73865,91.52813,91.14807,90.59258,92.6654,95.02642,95.02019,94.58858,95.14165,94.49181,94.18547,93.06931,92.3416
btn,Bhutan,79.66618,71.57606,78.37476,69.16652,66.05214,63.90856,55.88533,64.55661,69.12611,73.85078,72.05212,73.41854,69.57641,68.88393,69.0101,74.25158,73.95303,74.51843,79.54951,73.56785,78.00774,66.90693,48.96092
bwa,Botswana,53.27194,55.06238,56.46031,56.17714,56.38234,54.43471,57.24171,56.68533,62.1972,51.50704,57.55474,61.41549,64.50315,63.92881,67.85911,67.75788,66.52247,75.6596,68.58382,71.43073,73.34911,76.60141,75.09358
caf,Central African Republic,39.26419,37.82127,33.8578,36.85708,35.58167,24.483,28.46235,27.42962,21.03068,15.63067,16.17176,11.30035,15.89075,20.62112,15.57444,9.05485,11.01271,10.93435,6.26233,10.55166,13.59414,13.81338,16.00058
can,Canada,72.85164,72.80158,72.43799,73.13982,73.06194,73.03555,69.50933,69.67122,69.83197,70.27242,69.93921,70.28757,70.57069,70.9665,70.80599,70.90012,69.8987,69.67433,69.66169,69.50236,73.79807,72.96011,71.21333
che,Switzerland,28.56611,29.96568,31.36301,31.40574,30.88532,31.04801,30.60895,30.71067,31.60578,32.14887,33.408,33.81783,34.53272,33.65939,33.79612,33.60397,33.75425,33.69115,33.51979,33.51002,35.90325,35.84144,34.95433
chl,Chile,35.79472,36.36409,37.54185,38.24769,39.46642,39.34249,41.34891,42.25885,43.52521,46.86125,47.1045,47.15742,47.93561,47.64935,47.73589,48.01673,49.65286,50.39948,51.24023,51.26446,56.51041,53.66268,50.42909
chn,China,21.97529,22.91764,25.38584,28.37374,30.24401,32.75774,35.1399,39.02609,44.5224,49.39832,51.90623,53.72209,55.73526,57.05029,58.41549,60.18101,58.10143,56.67335,56.41642,55.97904,54.72392,54.06824,54.87414
civ,Cote d'Ivoire,14.66437,12.79209,13.84634,13.04556,13.9235,13.33934,14.19836,16.20635,16.41953,18.04951,18.36028,13.18705,16.85138,19.57718,20.84158,24.98393,25.68556,28.72467,29.06596,30.20501,36.75761,42.26685,36.75194
cmr,Cameroon,15.01742,18.71943,22.14606,21.97873,18.92536,17.28415,17.34462,14.99161,15.05342,12.80034,11.35888,14.87106,16.28298,13.22867,13.5846,8.81813,9.09701,3.72292,9.70626,11.14236,14.27483,11.2553,14.98839
cod,"Congo, Dem. Rep.",4.24369,4.05674,4.05786,6.1484,4.67481,5.19141,5.20066,5.63541,5.83326,6.85915,10.30626,10.85278,16.13482,13.97492,13.84381,16.67855,12.62531,9.94901,15.07838,15.81804,16.0619,16.76401,18.37996
cog,"Congo, Rep.",34.19883,44.16408,25.38571,26.12215,22.64743,25.15717,32.47792,30.83691,49.09125,28.83499,44.73592,37.16899,42.88275,48.19468,47.99257,45.54233,43.15655,38.36984,35.32498,43.84064,43.16967,49.24162,36.74487
col,Colombia,74.53344,75.05118,76.18751,77.37968,73.53205,71.82027,72.08562,70.6524,69.36102,72.05205,72.22514,73.49957,69.86154,69.85744,70.40434,70.83105,70.32949,71.04096,71.61446,69.87634,71.28708,72.59104,70.439
com,Comoros,11.86566,8.02642,14.30922,12.80636,12.01578,11.31962,11.1784,10.44716,8.54953,7.69386,7.54602,18.04415,15.37328,12.92933,10.59301,10.1312,12.33709,12.82912,15.61308,16.06904,21.90418,14.69097,10.3324
cpv,Cape Verde,71.29877,73.01193,72.79753,73.35093,71.35683,69.10212,66.25391,71.06494,68.44343,71.5402,63.25499,66.54674,59.89725,57.76818,57.13072,65.82189,63.49764,61.27914,60.12082,62.52773,66.27593,73.88491,64.18095
cri,Costa Rica,64.923,65.55663,66.86169,66.37475,66.01709,63.95665,66.10927,66.21093,67.81955,70.9427,72.315,70.19308,70.68046,71.00036,71.0215,72.70618,73.32389,73.50927,72.39395,72.53588,71.8064,70.3404,68.95673
cub,Cuba,83.69688,81.21708,80.50538,79.5319,80.04375,84.86508,85.59684,90.10674,90.96945,91.80177,90.77865,88.98712,86.70361,87.60781,90.25089,90.33051,89.60745,89.22186,88.73808,89.01758,91.02435,91.59377,88.83121
cyp,Cyprus,41.07523,41.83109,44.37968,43.95332,41.28711,41.47131,42.83105,43.16282,41.61204,42.52926,45.74548,47.40315,45.91552,45.5561,42.51803,42.05354,42.02685,41.47437,42.02647,54.16416,71.84691,81.09811,80.12823
cze,Czech Republic,88.70406,87.44812,88.07416,87.48167,87.60249,85.22626,85.50295,83.79243,80.995,82.88338,84.88096,84.5108,84.6086,84.45998,83.9659,84.3493,84.50603,84.52112,84.65405,84.55742,87.97981,86.50694,84.77184
deu,Germany,78.20058,78.17252,77.82166,77.40776,75.89346,75.67469,75.23641,75.16458,75.27428,75.65245,75.68952,75.41264,75.43839,76.415,77.02052,76.97099,77.31025,77.67328,77.33883,77.196,78.70728,79.08522,80.3279
dji,Djibouti,41.50928,39.13702,34.26073,35.19461,40.66967,36.71968,40.87779,42.79136,50.66077,52.31084,55.29401,63.49312,57.27902,61.89267,59.48297,51.01298,48.48146,46.4339,53.00344,53.28685,46.26971,26.5621,41.36006
dma,Dominica,63.11795,55.34972,52.36088,55.74953,54.22106,56.13698,56.37024,52.60812,51.78384,53.63094,57.38661,59.06955,60.06043,61.36355,61.03231,63.04369,65.01005,69.00895,66.39792,64.46092,61.95011,63.8592,71.31148
dnk,Denmark,83.10737,83.40569,83.80579,83.90985,83.54908,83.74406,83.87025,83.7083,84.01987,84.45876,84.26645,83.93601,84.36649,84.46157,84.4436,84.25541,84.18165,83.9567,83.74979,83.70944,83.6124,84.25262,83.95414
dom,Dominican Republic,35.02082,34.89286,33.68211,26.42829,26.76638,31.99627,35.09866,41.19946,46.49458,48.91817,51.10911,54.09335,54.73808,56.51302,51.29446,50.14593,58.2233,59.69246,61.20718,61.1443,65.65878,66.83337,58.42313
dza,Algeria,71.96343,76.22702,75.27867,76.6942,71.3535,69.29087,68.46268,69.78764,71.99542,70.88406,69.48219,70.61742,71.45688,69.36452,70.13731,68.50352,65.71156,64.63075,64.80889,60.47245,58.73844,57.32944,47.3973
ecu,Ecuador,28.83565,33.42657,31.56737,30.64495,31.10992,30.06386,31.85184,39.21027,39.65284,42.39568,47.03133,47.77166,51.28704,56.95405,61.43726,57.7139,60.6991,61.62123,63.5997,62.68743,60.73105,63.19904,61.03505
egy,Egypt,35.18718,34.22034,34.4614,31.92204,32.51029,32.28804,36.02455,35.28871,34.39305,35.0471,32.931,33.84383,28.70971,29.26489,29.54225,31.24345,30.8666,30.97197,28.46597,28.20387,31.92633,37.67822,37.8993
eri,Eritrea,35.59143,30.27294,31.68949,22.7474,22.24495,12.42664,11.93084,23.01511,25.03151,19.66172,20.90107,14.82379,21.12678,15.63232,13.093,16.36176,19.63584,24.27479,14.72434,15.95635,19.52244,21.23057,23.24082
esp,Spain,71.62883,71.299,71.31016,71.10389,71.31985,71.58416,72.09972,72.30305,73.284,75.07225,74.44487,73.48395,72.11362,71.01255,70.27007,71.32117,71.55827,70.51345,70.23,70.51312,73.1702,73.70913,74.02537
est,Estonia,75.83829,78.00038,76.12524,75.57097,73.50166,73.71082,74.33227,74.76809,75.64806,76.34547,73.40018,74.11394,75.15533,74.4473,74.51786,74.43005,74.41003,73.492,73.58968,74.36911,77.02277,76.05379,74.77702
eth,Ethiopia,41.22507,42.67131,44.1626,46.45887,30.73785,42.14083,25.12864,26.65451,12.01338,19.50697,17.26855,8.52936,23.49618,26.98539,17.72079,25.25154,24.99848,24.93996,23.1989,22.53821,28.23314,30.52746,25.26579
fin,Finland,75.72887,76.21709,76.82076,77.31451,77.83823,77.80793,78.744,78.62154,78.82755,79.02602,78.54333,79.16613,79.80428,79.4615,79.55602,78.56344,77.83334,78.01247,78.55683,80.19265,81.33329,81.34673,81.72775
fji,Fiji,76.84042,71.81423,73.79864,74.78234,68.07651,74.21461,73.94041,72.27155,69.44024,62.00361,63.89649,60.1354,58.61301,58.48069,61.3342,63.11803,63.90228,66.2309,60.06459,61.7061,56.71374,51.79611,79.55296
fra,France,72.72908,72.75837,73.002,72.63542,72.64558,72.54794,71.2734,71.09663,70.62646,70.67966,70.44328,70.20536,70.29095,70.22327,70.2465,72.05321,74.84936,75.59356,75.53427,74.91199,76.59496,75.81291,75.42754
fsm,"Micronesia, Fed. Sts.",22.51299,21.58382,21.49479,22.01756,9.32147,6.19453,5.98906,5.7639,8.53763,5.19623,5.67336,14.27364,11.37716,12.72928,17.06872,15.00066,15.045,12.35219,11.82442,14.74292,14.71655,10.15713,10.83925
gab,Gabon,36.66829,40.1158,36.08774,40.63803,40.83041,35.96188,38.73679,39.00601,38.09201,40.17447,63.55135,61.99217,61.25045,64.17147,59.88136,58.90987,64.69582,63.28516,58.59865,60.31094,55.60781,59.16373,64.15215
gbr,UK,75.79853,75.80043,76.73373,78.18147,80.08615,81.23471,82.42419,80.5593,81.3002,82.75731,82.10925,81.89524,81.02267,79.57146,80.16642,80.39037,80.98995,80.549,79.92076,79.94097,85.02536,84.31277,83.06634
geo,Georgia,11.4094,15.83655,14.35726,14.28571,14.56548,14.92228,15.5268,14.70362,18.17633,21.42453,21.31313,17.48286,19.44318,23.55812,27.60163,35.56967,36.64026,37.21465,39.4615,40.81562,43.88424,53.37268,42.17724
gha,Ghana,43.9748,45.02818,33.39796,44.0466,40.81973,54.22654,45.49421,44.64767,44.26834,49.08388,50.03572,52.75813,50.35748,40.46256,35.07661,35.08223,38.35555,60.6646,56.41262,60.59481,57.02891,54.38338,55.43716
gin,Guinea,6.35422,7.59717,11.95022,8.84567,5.05915,6.47637,6.86967,6.91052,8.2555,7.26661,10.5892,13.46776,14.67797,14.11661,12.77202,7.3902,12.29851,15.34208,16.51499,22.52399,19.92494,18.32089,18.41589
gmb,Gambia,5.5773,7.35726,8.69856,11.07966,14.40615,15.16502,16.26914,14.2521,15.64257,20.28477,22.2902,23.88619,28.25725,27.69123,35.78517,31.43109,40.36533,31.62859,33.03527,40.93361,65.05052,50.35596,46.89616
gnb,Guinea-Bissau,14.16352,10.62325,8.93595,12.1652,13.55316,11.18084,9.83766,11.8626,10.05704,10.98421,8.88686,7.02833,8.49045,7.83589,5.98356,6.61313,5.81887,7.11933,6.93844,6.39844,13.29532,13.92156,13.55303
gnq,Equatorial Guinea,28.81678,15.78334,5.76654,10.92598,11.0399,15.94517,20.22584,22.2604,26.69525,33.26014,27.98444,28.33373,34.61213,26.022,26.8494,23.68648,24.28793,21.50667,21.88973,20.40627,21.63754,19.9724,26.24668
grc,Greece,61.62268,63.20638,60.45769,59.86406,58.6246,60.83424,61.60877,63.33696,65.33537,68.3194,68.90443,65.70302,63.60382,61.39289,56.87366,57.66552,51.39862,52.16239,52.16479,48.7608,53.96727,59.22167,54.08524
grd,Grenada,34.71628,38.21508,43.90823,40.89669,48.35806,47.05685,39.97494,38.34369,36.44338,39.93027,37.95496,41.62673,40.9962,40.49074,43.84893,41.6406,39.77635,40.54025,40.69264,41.39058,42.98587,40.57251,40.39123
gtm,Guatemala,35.44108,32.64358,32.34149,33.17714,32.32018,30.59627,32.47478,31.95878,33.77882,35.64605,33.65649,33.43029,33.3642,38.37312,38.00521,37.93196,37.68685,35.84477,36.00881,38.42509,38.27504,33.76639,32.60612
guy,Guyana,56.10593,53.42674,54.34016,52.89593,50.60944,46.93005,42.01935,39.32729,40.33197,43.21624,43.12286,48.58451,48.46244,49.6571,55.09995,58.58773,63.00773,64.63815,60.17403,59.22205,73.35326,68.11652,71.68787
hnd,Honduras,48.22547,42.01053,40.67727,37.92595,35.7597,38.92586,41.63787,41.23646,38.57394,44.1011,42.35993,44.28756,39.08075,41.2132,40.3441,39.39134,40.12103,40.73265,39.41397,39.44809,38.04242,37.51784,40.73671
hrv,Croatia,85.02521,82.19973,79.01169,81.33018,79.81884,84.98888,84.65945,86.43177,83.83043,82.83022,83.40902,81.97131,82.65221,85.05268,84.03982,83.11494,82.84737,82.85182,82.45064,81.54313,81.77726,84.10275,84.46141
hti,Haiti,21.82013,19.38977,14.2437,14.6165,17.09963,17.65004,8.32103,21.72797,22.15389,22.33143,17.86718,7.1325,8.22239,11.58277,10.36076,11.05178,11.01948,12.17582,12.19812,10.41802,12.57991,11.27165,10.66068
hun,Hungary,68.84632,66.90216,69.24013,69.9819,69.62473,70.15788,70.35378,67.78857,67.74673,67.98168,66.62557,66.21703,64.84032,66.20976,66.72171,67.78528,67.71111,68.46106,69.22134,68.32544,70.47329,72.22008,72.33685
idn,Indonesia,29.6681,36.45112,34.04228,36.37523,35.34217,28.91633,31.71805,36.07475,35.23404,35.13376,23.68755,23.47972,26.32731,28.46877,33.48835,39.59934,45.52692,46.47951,48.6771,48.56189,55.17206,59.41188,51.76071
ind,India,20.68014,18.87691,18.16442,18.7164,17.98241,20.12673,20.50616,20.89889,22.62735,25.6102,26.20631,28.87309,27.98948,23.07122,23.66404,25.64013,26.83841,32.94804,34.29247,35.06611,36.25337,40.39886,39.10879
irl,Ireland,77.51447,78.43862,78.99121,78.76318,78.91645,78.86785,77.82533,79.23339,79.32148,77.07171,76.17776,72.06628,71.91573,70.79932,71.20056,71.79324,72.46883,72.97913,72.99653,74.24879,78.03441,77.3971,77.35642
irn,Iran,37.70975,38.25937,39.26385,39.40636,36.43324,36.86399,41.67244,39.8231,37.07612,36.65012,32.35563,33.35521,34.30875,38.49047,50.37071,48.96748,44.92892,46.04753,44.42049,44.4688,51.42177,55.2371,49.16778
irq,Iraq,,,,45.25849,69.86953,66.96305,61.48527,63.38371,77.38849,76.67063,73.49711,74.24197,37.45703,40.81428,37.21398,23.15504,55.45586,41.57748,49.10013,49.37046,45.03431,49.34174,50.89138
isl,Iceland,80.77708,80.64187,81.37904,81.27566,80.94917,81.00184,81.58273,82.0176,82.21313,81.63837,79.8606,80.13247,80.04199,80.35534,80.6389,80.95485,81.64149,81.99987,82.50614,82.92934,83.44318,83.78192,84.68107
isr,Israel,63.10085,62.68159,64.0111,62.51268,61.77767,59.93184,62.32135,60.59379,61.28447,61.21596,62.80176,62.58884,62.60701,63.41858,63.13245,63.41681,63.31613,63.88256,64.66485,64.81516,67.88335,67.29943,66.46127
ita,Italy,72.63815,74.62194,74.95858,75.33365,76.244,77.48858,77.75047,77.48771,77.67529,78.30512,78.45359,77.01278,75.87681,75.75851,75.42493,74.43542,74.40103,73.73537,73.86111,73.74489,75.92875,74.44884,74.44044
jam,Jamaica,56.46753,46.55213,58.18744,48.49776,51.48248,49.13597,47.54183,50.07468,52.59539,57.2766,57.52956,59.11228,56.95798,59.99071,59.26104,63.27167,63.5947,66.11666,65.16104,65.24877,68.25803,71.19547,76.21921
jor,Jordan,44.9827,45.62798,47.40854,46.58574,39.31507,51.7067,51.27907,56.70308,60.51282,67.08152,66.70902,67.4473,64.40775,61.55162,64.47508,53.54002,45.77644,44.80283,42.96431,42.94782,39.04485,35.57975,36.49882
jpn,Japan,80.43053,80.96408,80.75298,79.96381,80.2742,81.16796,80.32153,81.24928,81.17062,81.29418,81.92725,83.74062,83.93069,84.26091,84.11786,84.08298,84.03721,84.21469,83.77095,83.96395,85.15347,85.18866,86.01367
kaz,Kazakhstan,50.94752,56.64579,53.49606,54.86083,58.40933,65.03178,68.28931,66.43607,75.26647,76.78113,67.3873,70.79852,68.14989,69.36116,71.71561,63.14422,59.61542,62.00508,60.83679,59.93826,65.80332,65.33067,61.53365
ken,Kenya,27.566,28.31728,29.0321,27.87888,25.6369,26.55578,23.52347,24.83517,26.13231,27.58824,28.96219,30.86547,32.40784,33.68307,37.40697,40.38046,42.80955,42.93967,43.10948,45.97901,49.19531,48.82986,46.73621
kgz,Kyrgyz Republic,48.35355,46.83544,48.33863,38.91859,37.67675,50.99052,50.672,44.50761,44.38031,50.45441,49.13737,51.96282,49.6025,48.20622,37.36302,37.92853,38.94333,37.95226,48.3946,51.42177,44.83551,55.27408,53.69978
khm,Cambodia,19.72725,16.84455,19.26547,21.22934,19.20704,17.67759,15.59308,19.72591,15.53217,16.06786,19.73365,17.05396,19.373,19.98289,18.4997,21.70783,23.22854,26.51513,26.89064,24.30772,26.86327,26.58272,24.88885
kir,Kiribati,96.68036,96.30434,95.84045,96.13912,97.12131,96.42111,83.09328,80.48627,74.43775,63.77962,90.79121,94.04254,88.65327,81.71276,82.50757,84.20457,85.12814,85.56938,80.62759,90.80039,69.73468,75.10938,80.85797
kna,St. Kitts and Nevis,41.922,43.65345,43.34912,44.12152,48.11814,46.98353,44.77465,43.42342,33.88892,37.32195,37.5887,36.99467,39.16943,38.04809,40.91829,37.83432,40.13845,41.57165,45.95744,49.25549,53.81438,57.48508,52.62663
kor,South Korea,50.61244,54.16914,54.75157,50.26136,50.72609,51.20354,53.08714,54.95321,54.07963,55.21018,55.4493,54.83107,54.76087,55.02396,54.91964,54.77261,55.77734,56.62444,57.17775,57.83,59.32291,60.65416,62.75472
kwt,Kuwait,72.54472,78.88749,76.80327,76.89359,76.26429,76.21053,76.52495,76.42374,78.09232,81.58335,84.20078,84.47299,83.46148,83.96836,84.58883,84.85922,85.31621,85.70924,88.22941,88.14812,89.62411,90.95422,87.23695
lao,Lao,28.84258,30.98994,27.55244,24.47424,22.43297,27.17384,21.90361,18.84052,18.54986,33.11112,20.73247,18.86988,21.03192,29.69614,29.74751,35.20909,32.40106,35.1882,38.69596,36.93347,38.4567,26.21235,31.03856
lbn,Lebanon,29.81943,32.68748,32.85642,33.90074,37.12299,38.41325,41.00927,41.04163,39.34031,38.19933,40.30947,43.71421,43.50122,44.15641,47.48551,45.51062,47.009,47.11583,46.72897,49.29297,44.43262,28.8561,34.25783
lbr,Liberia,22.43314,23.33694,24.73353,15.67187,8.1576,7.63502,7.77595,16.97066,15.32684,10.35317,12.29618,15.63555,19.01747,4.83622,9.39858,11.51306,14.09347,13.27809,15.64885,16.17848,10.25208,8.02746,9.57427
lby,Libya,48.70889,54.47206,66.91076,66.24487,65.78649,64.65328,65.3586,66.52918,67.65816,68.7928,69.9381,63.29393,73.78442,73.39674,66.22793,69.26644,67.48332,66.1841,71.54104,71.29649,78.61562,71.97093,67.70846
lca,St. Lucia,34.41187,34.90361,33.95427,31.34616,32.91967,32.98305,30.42996,28.11272,31.53467,34.64208,35.93709,35.75727,41.41144,41.09232,41.40477,44.13461,44.1284,46.63689,47.42418,49.65975,44.10805,42.3946,42.4958
lka,Sri Lanka,53.62961,52.56715,53.45138,55.08138,52.7034,52.63922,50.96378,48.49552,43.21923,40.60078,40.43684,42.54272,42.224,45.41759,44.7292,43.95829,43.12142,41.0052,45.69159,47.32436,48.93672,47.1162,40.2695
lso,Lesotho,56.40678,54.7174,54.29268,58.87579,57.02822,48.25925,56.40364,64.23986,56.9959,54.34615,52.10968,54.36189,56.01001,55.65982,58.08484,60.45341,60.51678,57.10979,50.09969,30.74383,46.57978,40.84423,50.65784
ltu,Lithuania,67.25701,70.20443,72.81348,74.31488,62.62707,60.70454,62.42897,65.83149,70.72186,71.87563,71.08982,70.33173,66.6158,65.5905,66.57397,66.08771,65.75756,65.4635,65.99188,65.08877,68.69543,67.40434,65.32225
lux,Luxembourg,83.24607,84.04717,83.96315,83.86484,84.4966,84.14559,83.77576,85.35795,87.64614,86.71481,85.93012,83.41193,83.63432,83.86051,84.26283,84.50591,84.43628,84.78168,84.92115,85.87233,87.36024,87.04404,87.08269
lva,Latvia,50.75323,48.73086,49.57962,49.82993,56.17495,55.69818,61.5356,60.89079,60.3269,59.6488,60.18484,63.49743,60.34783,60.01409,59.6724,58.6753,55.84833,57.16551,59.71597,59.85708,63.44077,69.32986,64.72912
mar,Morocco,25.35759,26.27703,26.62359,24.45622,23.88544,25.20932,28.51292,29.45764,31.03667,32.63605,32.13039,33.68819,34.34552,34.77407,38.73244,38.83266,39.37893,39.70825,40.19128,40.50638,44.09963,40.9024,40.91056
mco,Monaco,80.03049,80.09585,80.19764,80.99773,81.11898,81.06396,80.83707,80.18664,80.54279,81.32986,81.44244,81.1537,81.30145,81.11894,81.00168,80.8798,86.64623,86.91257,86.84255,86.17485,88.02818,89.75241,86.65363
mda,Moldova,48.95384,45.96244,47.90952,45.76942,59.17274,52.72469,49.26407,51.08501,48.21477,42.64823,45.86203,46.66718,48.52949,46.70035,49.34556,45.53878,48.79284,50.6146,56.52602,59.67401,64.81729,65.25252,64.8257
mdg,Madagascar,46.28815,44.70154,35.40578,43.36933,41.43759,37.07242,37.32104,41.33141,34.57699,29.8191,39.7614,37.11377,38.09178,34.76575,39.17491,39.75248,44.48103,46.7728,35.45464,22.01306,18.52956,21.03364,28.81555
mdv,Maldives,33.14654,32.60015,29.02599,31.69123,30.8813,33.61769,36.7777,47.13254,55.77014,57.70216,52.96121,46.41236,48.53069,52.72491,61.97496,71.81314,72.05833,71.24165,77.28493,78.3404,79.99084,71.06061,78.14987
mex,Mexico,45.21741,43.75762,42.68947,41.50919,43.45798,42.23655,42.82709,43.81832,45.91358,46.66847,50.21875,52.80388,53.08212,53.75116,52.0817,52.20097,51.27972,50.53537,49.62833,49.16729,52.88225,50.09624,51.89233
mhl,Marshall Islands,60.57264,57.17614,62.92361,63.18003,40.86508,29.95525,29.28522,38.27091,31.64396,33.10401,27.20491,45.71465,45.5716,50.478,41.82449,40.73861,44.24685,40.61858,44.98932,44.46636,43.32521,41.67833,37.63563
mkd,North Macedonia,53.12498,54.38128,52.69415,54.99277,55.75329,56.98303,57.09085,61.48729,64.58732,62.67918,60.57293,62.23397,62.51174,65.64761,63.89249,64.9488,63.65433,58.34282,58.1897,60.24809,60.39569,54.48571,56.88065
mli,Mali,23.65808,23.32248,22.20697,27.96581,30.44489,26.89442,22.43553,18.97412,14.1984,12.77159,14.29753,15.06326,11.02091,20.563,19.89783,22.35896,32.03074,32.04769,30.84214,29.22817,40.00576,38.17794,38.9406
mlt,Malta,71.79487,68.66666,70.4023,69.84127,69.54314,69.12752,68.4874,66.80761,64.7541,64.91936,64.57565,64.44444,65.6402,67.55556,61.61486,60.83223,63.02824,62.897,63.47786,62.51037,66.69241,67.36937,67.01004
mmr,Myanmar,13.15912,11.26913,13.91564,10.20589,10.88052,7.29122,11.94776,10.04284,8.106,8.6621,9.84078,11.95902,17.21873,18.87418,24.18496,21.99241,13.98528,14.79479,14.82879,15.95957,16.65261,16.61197,11.0519
mne,Montenegro,,,,,,,,,,,,60.97186,63.94952,57.81398,60.70047,59.80591,60.11718,57.39429,59.55123,60.83509,62.4655,61.17606,62.97408
mng,Mongolia,75.89135,71.44559,70.48804,69.39045,65.10826,61.63596,66.44078,70.71642,70.62198,69.54905,65.37965,59.44942,60.78549,55.87151,57.14994,56.92871,55.98026,52.07558,46.20794,47.15842,55.06032,58.41748,35.24628
moz,Mozambique,50.68986,46.83468,36.90345,36.1547,31.78746,33.83922,28.95491,30.85032,29.19126,25.23113,23.49942,25.50838,24.03585,24.7913,27.48989,27.03023,23.88256,22.25121,22.38803,23.10849,31.60442,28.27827,30.82651
mrt,Mauritania,13.9035,15.26105,21.81937,19.14415,19.07377,24.08252,25.0209,26.55638,29.46075,28.25592,27.74845,30.30716,33.88728,37.75723,36.11932,38.62219,37.6326,36.00645,31.59095,35.61848,33.44327,39.60085,39.24699
mus,Mauritius,53.52765,53.78347,52.89988,52.44577,54.3627,48.18608,44.88022,41.81178,35.28038,37.88377,44.1437,41.12767,44.44336,41.80387,45.07291,41.67558,44.11246,44.20399,44.29704,43.97514,48.11418,50.75103,47.15714
mwi,Malawi,43.16402,40.60341,36.14544,35.39363,21.0639,24.47988,19.21144,13.49692,22.39311,17.97539,22.00964,21.65233,15.88225,18.02149,22.73354,28.6499,24.73158,22.66757,24.537,24.06981,21.75892,17.84657,13.50128
mys,Malaysia,46.65709,50.51287,51.21378,51.94099,50.93672,48.8999,53.87238,52.91727,53.12098,55.55441,53.05663,53.24521,53.93135,53.90561,54.73529,53.20423,51.0343,51.74508,51.25687,52.33453,53.29985,56.21326,50.58955
nam,Namibia,52.0988,50.91533,52.95806,52.7615,48.76467,44.68073,40.79632,43.75523,41.65367,38.20808,40.99234,41.6205,41.76861,46.12751,46.18441,42.20663,46.89564,46.50364,43.77948,43.14591,50.12692,47.15965,45.63407
ner,Niger,24.09348,24.08024,24.84823,22.40691,23.56759,33.82761,35.43542,27.86896,29.68549,28.85043,26.12587,26.10781,24.14342,30.01209,28.67515,20.78802,24.28882,33.80761,33.31208,35.69034,37.49807,36.4968,35.28834
nga,Nigeria,18.31479,26.89141,21.33315,18.39931,25.94122,25.55649,21.18177,19.9135,17.87425,15.92126,13.6043,14.43569,16.20215,14.30349,13.31774,16.44575,13.02093,14.21335,16.09827,15.73634,14.96697,13.27267,14.50264
nic,Nicaragua,49.00287,44.83742,42.9398,42.03562,37.53734,40.29275,45.02325,45.32595,44.51708,49.61495,46.10339,47.38969,50.06705,50.64857,52.12518,56.08241,57.78797,58.32679,60.91954,61.56836,61.8381,63.39963,57.62175
nld,Netherlands,68.90573,69.50331,69.83897,70.0407,68.46667,68.29701,65.99661,65.87337,67.56721,68.05413,68.41935,68.37503,68.46227,69.00616,67.83157,66.05368,66.05368,64.32305,65.72924,65.99391,68.9303,69.79412,68.53542
nor,Norway,81.6825,82.80009,82.88494,83.16679,83.01723,83.05116,83.3416,83.7011,84.13493,84.43604,84.68055,84.42308,84.75523,85.02293,85.28894,85.5146,85.37945,85.12067,85.7035,85.717,85.96684,85.90119,85.67821
npl,Nepal,15.51036,15.32425,20.12697,17.12201,15.98802,19.06447,23.90191,18.46653,18.62999,20.41424,18.12849,17.89261,17.51914,16.3446,17.21304,16.63468,18.57956,22.56427,23.56682,24.80925,30.05291,33.19999,31.64112
nru,Nauru,87.88238,79.89173,71.12906,74.91122,71.08334,89.87304,87.56685,69.41306,54.77899,51.32404,59.79455,56.90004,45.50384,54.32403,73.54259,60.23107,89.81099,73.37231,88.07915,89.48765,85.49394,78.42823,86.90203
nzl,New Zealand,74.48747,73.18119,74.93328,75.49771,77.03677,76.94783,77.2214,79.29507,77.62827,77.72038,78.27069,78.7793,78.51128,77.63805,77.43387,74.69454,74.55416,75.45738,74.82938,75.62339,77.85174,77.17067,81.23607
omn,Oman,81.75174,82.02849,83.46999,82.873,81.91401,82.34389,80.68895,81.14011,78.83358,81.29704,82.71356,81.82298,82.73907,87.54678,89.93782,90.21834,89.86613,89.19998,86.43024,87.54852,89.12308,87.19075,84.38129
pak,Pakistan,34.87243,34.90441,37.16256,24.31725,26.84598,21.7117,16.99741,17.33167,15.6141,20.50612,21.78418,20.42875,27.72464,26.22901,24.29953,27.5215,27.29105,32.75922,33.08932,33.11872,35.20631,37.17355,38.15027
pan,Panama,64.54046,63.43084,62.6809,62.00148,63.27494,59.34191,62.07465,66.02394,67.00431,66.55334,64.42054,61.99818,60.02834,62.52511,61.25065,60.76751,61.06046,61.60213,58.00348,56.74044,54.25771,55.5565,56.20064
per,Peru,53.02311,52.43683,51.07707,50.92121,52.0029,54.98957,50.25804,48.67213,48.09112,50.36198,51.89738,50.95873,52.48008,56.08006,59.86446,61.22733,62.12893,62.73608,62.03506,63.24931,68.53756,66.8833,64.18916
phl,Philippines,44.3983,40.60162,37.04242,36.21556,35.72317,33.09893,32.09133,31.31671,30.13814,30.64959,31.90242,26.38144,26.28685,26.21488,34.11355,37.67323,37.26403,37.43834,38.85681,40.60422,45.19946,44.70308,45.06712
plw,Palau,53.12786,50.8076,49.15693,48.77856,45.41376,40.24184,41.602,38.48397,36.13521,41.49195,38.01047,41.91507,42.09216,42.25406,42.73697,41.59575,42.28518,41.96197,43.47069,47.02386,41.71516,42.3968,40.57548
png,Papua New Guinea,84.29893,72.48248,63.5696,58.09657,65.54499,65.86605,67.14328,67.509,70.90849,66.83552,61.69795,65.26032,68.32616,66.21204,61.77156,75.75407,71.99609,75.41254,70.20985,58.32541,68.72771,50,58.51639
pol,Poland,68.21467,70.34228,69.95567,68.57602,67.46143,68.52231,68.97802,69.68615,71.20513,71.74531,71.35004,71.02577,69.82838,70.29511,69.93572,69.33326,68.64383,68.82285,71.08643,71.38499,71.89423,72.10265,73.23241
prt,Portugal,69.73743,70.17099,71.99154,70.60461,70.56315,70.90158,63.43973,62.71011,62.50146,63.80487,66.51553,64.50565,61.27986,62.28905,61.74033,61.66935,61.5746,61.13795,61.15869,60.77598,64.22455,62.74221,62.3814
pry,Paraguay,38.62811,34.72916,30.83957,33.21828,32.39444,32.83646,35.10884,34.57382,32.16812,38.40327,38.98972,42.27584,46.43541,43.74412,47.70786,47.17184,47.15675,45.79689,44.91922,46.34747,53.85021,55.59853,52.78512
pse,Palestine,28.76147,24.81854,28.42979,32.19183,31.68869,36.03815,31.13947,35.78736,34.8858,33.98894,36.14626,28.96015,28.73476,30.87297,31.7727,33.59163,29.56828,34.98143,29.51343,39.86502,37.50418,40.89228,40.34555
qat,Qatar,59.5154,63.04549,62.91418,75.02135,74.98792,74.91227,74.83646,74.7605,74.68439,71.01411,70.9903,73.54416,79.14242,84.1703,86.74364,87.87643,85.80707,84.43958,84.66618,85.47602,86.67664,85.02615,82.19092
rou,Romania,79.25977,79.75135,80.39749,83.06891,73.80941,79.77541,79.29034,81.45111,81.09467,78.66157,79.89114,74.97605,76.86503,78.95141,78.88207,77.94291,78.18263,78.5864,79.6907,80.13863,80.07715,75.64733,77.6653
rus,Russia,59.35673,58.04123,58.29952,58.09911,58.76709,61.14412,61.72977,62.05423,62.62738,62.06686,61.37907,62.65059,63.70746,62.38064,61.78654,58.71852,56.95005,57.08875,59.45658,61.15192,73.57527,69.56001,70.63796
rwa,Rwanda,18.07325,21.05079,24.23161,33.24934,25.68475,20.91047,19.48736,22.20971,23.99325,24.11757,25.23179,27.70149,25.36229,32.06215,31.39989,31.64674,32.07535,35.00902,35.20979,40.19015,40.42213,40.98362,35.66109
sau,Saudi Arabia,72.05238,72.54049,72.31416,72.37439,71.47951,72.49501,72.98228,70.38718,63.59476,64.9874,61.93257,67.06875,68.28319,69.59436,71.36855,68.47388,69.59158,71.84702,70.2985,73.78595,78.29054,76.98373,78.23952
sdn,Sudan,33.82594,33.33333,34.20051,32.46047,37.85014,39.07096,36.38068,36.19216,31.93632,41.11616,32.54712,22.84303,26.2535,16.53943,25.27284,14.19444,22.69013,18.02452,23.28133,22.70211,34.17628,27.04866,25.74583
sen,Senegal,35.28705,38.45636,33.89721,35.94267,35.61401,43.40821,46.75199,38.61841,39.55493,36.61407,28.84072,31.05285,28.57421,26.69496,24.60432,24.62843,25.09403,24.2726,25.24784,23.52871,33.42176,27.03209,22.0499
sgp,Singapore,36.3329,27.88505,31.32805,37.07473,32.46379,32.98621,33.92041,33.49146,37.30627,34.92969,35.92908,37.16472,39.34716,41.7399,45.03999,47.07829,47.75299,48.78428,50.70887,52.25206,60.75846,60.85375,56.62467
slb,Solomon Islands,92.05363,91.19202,56.77299,74.01766,63.28624,70.97841,65.57598,69.05754,57.28936,46.98079,63.22462,57.11857,60.42331,60.53473,60.4543,68.99086,69.63194,74.31309,76.67236,73.44881,74.03403,69.75315,68.85989
sle,Sierra Leone,10.50425,12.44448,11.60732,12.13797,11.38921,10.87024,10.04858,8.28463,8.0939,10.11567,14.43242,10.69332,10.80636,6.95603,6.79255,6.54666,6.5712,9.05302,9.27251,13.61179,14.62679,22.63207,19.03634
slv,El Salvador,50.27328,48.61013,50.76637,50.04222,49.40224,46.1737,52.0001,48.41638,48.12924,46.45065,49.10433,54.06352,51.75872,52.61892,54.51475,54.90639,55.62372,54.41043,54.59584,53.52662,64.75832,63.39575,62.20309
smr,San Marino,74.39484,75.60094,74.80621,76.23789,77.02444,78.1301,78.90352,79.97353,80.30083,80.85256,86.26647,88.7546,88.6645,89.05862,88.0232,86.39781,87.63438,87.6137,88.88765,88.77917,89.74449,88.14421,88.56435
som,Somalia,,,,,,,,,,,,,,3.9126,3.30439,3.22043,4.3845,5.25875,5.04016,5.44517,6.66252,10.40244,6.58534
srb,Serbia,65.4637,66.83295,72.16742,69.85958,67.85735,65.45954,62.49608,61.01905,61.87797,61.65008,61.00417,61.12112,62.1166,59.86,58.25764,57.6848,57.57845,57.47877,59.36806,58.33802,60.94442,62.5247,61.64846
ssd,South Sudan,,,,,,,,,,,,,,,,,,8.442,10.17714,11.16941,7.70781,14.85191,8.58353
stp,Sao Tome and Principe,37.49576,38.26549,39.5447,52.6292,48.19312,48.27054,7.53266,23.74913,20.48526,27.65089,36.48713,40.67567,32.59884,33.51395,35.33302,31.43019,40.31388,46.02724,44.3322,40.73101,40.54507,42.8703,55.25973
sur,Suriname,48.38562,48.61003,46.13042,43.72707,44.50475,45.05427,46.40097,49.49171,44.1925,45.95679,42.37414,40.6302,40.99839,42.10775,41.501,54.47965,61.90746,58.22667,68.21572,71.44344,64.94448,59.07433,65.50085
svk,Slovak Republic,87.48221,88.13978,87.94212,86.99962,78.71554,75.13739,69.67164,68.71969,74.72305,71.63835,70.99603,72.10747,71.12428,73.31342,79.33296,78.74036,79.96458,79.04467,79.21432,78.8166,80.27136,79.7346,79.87897
svn,Slovenia,71.39096,70.56113,72.42924,71.96819,71.98925,72.22162,71.74246,70.23894,72.16071,72.01542,72.36494,72.26574,70.85123,70.30367,70.52433,71.35445,72.33667,71.79819,72.40888,72.37038,72.57459,73.2448,73.45203
swe,Sweden,84.47544,82.15295,82.57213,83.13002,82.6911,82.29276,82.35674,82.51585,82.50145,82.51392,82.48825,84.48171,84.21655,84.02002,84.02826,83.96099,84.26233,84.70674,84.78461,85.12415,86.17955,86.07831,85.95343
swz,Eswatini,52.30071,46.39697,43.86367,45.73136,44.37629,49.35587,44.2073,47.34028,50.28172,51.67996,49.21387,42.63956,43.64649,44.58775,37.75821,41.75715,41.72722,50.74532,46.43029,52.47699,49.98464,49.43661,44.91326
syc,Seychelles,82.11168,70.84525,77.28144,75.25137,70.9028,69.35325,66.62399,67.55987,52.43502,53.84407,58.03817,56.44737,64.19833,64.49033,66.85622,72.42551,69.14847,73.04444,72.78999,72.82757,77.30053,75.64611,73.8666
syr,Syria,35.53108,41.41359,45.39782,47.92666,47.6918,50.34679,46.96703,47.33363,46.14907,44.86793,44.79367,45.19852,45.28664,51.13475,49.38505,50.58874,49.80636,51.71848,51.02567,53.27646,43.2514,36.67641,33.86806
tcd,Chad,38.03085,34.86683,28.84229,31.53384,34.8721,29.53807,20.4542,23.54964,19.59093,20.85106,20.98162,21.0959,24.5514,28.24672,28.53782,21.26424,17.37353,14.97931,14.23211,15.17944,12.67602,18.5406,22.26644
tgo,Togo,10.71029,11.58039,12.08119,13.17211,14.7691,15.63837,16.78297,16.17988,16.04459,17.38027,25.92963,23.51516,25.12409,20.07,20.35355,14.86722,14.87771,16.14229,16.74622,15.07708,14.74264,9.93373,11.01331
tha,Thailand,55.18834,55.01472,62.2651,63.07396,64.11597,63.71009,71.95246,75.60999,75.36881,73.12875,73.7725,76.42584,76.07964,75.95277,75.68395,71.35248,72.38879,72.03819,70.86565,71.65908,70.36411,70.36208,72.69756
tjk,Tajikistan,20.75227,19.13043,18.19407,16.3612,18.64636,18.97655,18.60266,19.44641,23.1678,18.51607,20.58014,22.27582,26.88272,29.09112,31.16981,29.60548,28.57442,29.00392,27.04556,27.31528,24.19561,23.17322,23.42034
tkm,Turkmenistan,46.64531,34.58096,34.6267,31.81946,22.89225,21.14559,18.36458,26.23001,16.02518,24.25165,24.05107,25.97605,26.72743,28.53607,26.96157,23.94773,18.57905,21.9662,17.82184,18.15364,18.37001,17.17239,14.87223
tls,Timor-Leste,,,,46.21336,39.22528,40.22556,39.92942,17.11162,48.78696,44.40433,50.81828,51.97423,59.33764,52.10204,54.27039,57.43533,49.6411,65.98955,61.74253,57.67989,55.27837,63.4433,71.95805
ton,Tonga,79.31558,71.43017,72.21505,70.5273,54.48615,59.54976,52.09039,67.18394,47.80445,76.56908,59.33606,57.90106,34.43559,67.77234,56.50414,59.24115,58.7274,52.93177,53.48896,53.36643,55.02755,47.43764,48.83424
tto,Trinidad and Tobago,37.00175,43.19249,41.62577,45.47567,43.11848,48.39988,44.87061,46.1815,47.78621,47.59868,48.16002,49.87123,48.80483,51.51269,50.27155,51.47643,50.11699,52.29129,48.43599,45.97862,46.42721,46.55834,44.55807
tun,Tunisia,52.66923,52.1852,51.76472,51.41103,51.12685,50.82093,52.26226,53.38172,54.2753,55.03387,55.75389,56.41347,56.96456,59.09121,58.13361,53.79586,54.50898,53.6888,52.09545,59.20935,61.13414,59.15894,56.62447
tur,Turkey,61.67596,67.25137,69.97436,71.20713,71.70464,67.74804,68.8515,68.78374,72.69305,80.49879,77.9984,79.12836,79.17141,78.34962,77.60513,78.13336,78.44212,77.71027,77.38227,77.68533,78.84538,78.80183,75.15868
tuv,Tuvalu,99.87667,94.646,92.86858,90.80141,94.89931,96.16941,83.0471,93.70786,96.84861,81.48437,85.81321,86.22805,89.98927,68.95045,80.87704,75.75081,83.57591,79.62263,84.50531,77.93356,81.57065,51.89801,72.48402
tza,Tanzania,21.83891,25.71311,28.40931,27.92021,34.27979,36.5528,31.32273,28.1955,40.6302,29.32703,27.75649,25.45135,23.43128,25.5071,29.87491,34.44835,40.62409,38.69687,37.57774,40.54007,28.23085,27.21255,31.57029
uga,Uganda,24.96013,26.72315,30.73048,34.26229,29.08424,17.78609,15.17277,16.86616,17.20664,14.28214,16.11386,13.56998,15.14029,16.84941,17.81628,15.15355,15.67862,15.97236,16.77467,15.11675,22.73633,20.9595,22.26276
ukr,Ukraine,47.32232,48.90678,51.24788,55.74952,55.19611,58.71865,60.42614,59.20172,58.06836,58.24971,54.10328,50.23309,52.5674,48.11699,48.03526,47.38853,48.27394,47.26939,46.5595,44.79044,49.28601,52.12298,
ury,Uruguay,41.5463,44.90391,47.93471,52.36625,52.31038,45.17631,47.68719,48.53246,56.31472,59.33255,60.00211,61.49155,64.22066,66.44006,68.12014,68.4041,69.52642,69.29585,69.12,66.60056,71.58508,73.42716,70.66776
usa,USA,44.37749,45.32391,45.20087,44.97462,45.42254,45.4762,46.30744,46.34019,47.49168,48.59148,48.96048,49.13612,48.84739,49.5206,50.78931,51.3922,51.22367,51.20405,51.49744,51.869,57.04176,55.33709,55.17435
uzb,Uzbekistan,39.09734,38.84145,37.60975,36.53924,37.2856,37.96368,40.57534,39.5713,40.72805,41.63733,40.05788,39.69395,42.1053,41.98609,52.20278,49.78011,43.59277,41.49798,38.16909,41.58654,46.1574,39.19822,34.00567
vct,St. Vincent and the Grenadines,69.887,68.41692,68.58496,66.40291,63.84764,62.75797,59.4832,55.86815,59.46896,61.08786,59.22711,56.64436,62.02177,63.07373,60.64697,61.38366,63.13637,63.62915,65.82598,67.42267,67.30248,67.71558,69.04459
ven,Venezuela,,,,,,,,,,,,,,,,,,,51.53811,37.14034,37.28845,33.52462,45.38237
vnm,Vietnam,41.0644,32.78746,43.97587,40.31433,41.3228,41.40763,39.39339,38.22849,39.8176,38.16084,40.25132,38.85466,44.64095,45.23663,44.25668,43.58079,43.80716,43.54589,41.62821,40.61999,41.33344,43.20146,43.62395
vut,Vanuatu,74.67657,74.2794,67.19437,70.99657,65.66696,64.75829,64.60328,71.54592,72.46635,61.59941,55.02124,65.60495,58.43972,51.12481,16.11455,48.57042,43.13802,51.06322,62.21488,54.46389,62.41288,27.10375,40.34206
wsm,Samoa,83.65651,81.70815,76.05283,67.51974,66.74909,68.58472,70.46976,69.10445,76.50864,77.69192,75.41437,68.1189,78.45154,64.80597,72.57127,72.65615,67.56759,76.00949,77.41108,76.55199,76.18079,75.29851,79.67314
yem,Yemen,50.83431,50.10916,48.23685,41.75508,35.41623,31.79183,29.40259,26.86841,27.81732,21.86181,22.52562,22.89781,23.89011,19.74685,16.18166,10.1822,8.5723,5.09133,8.9203,8.26418,6.73523,4.86245,4.9367
zaf,South Africa,36.59454,33.73316,34.52814,39.63604,39.36868,40.00242,46.97321,47.79261,47.35288,49.73913,51.32852,51.86719,51.72668,51.15375,55.56298,57.07563,56.59904,57.233,57.04349,58.2071,64.78908,63.46337,61.62474
zmb,Zambia,35.31538,39.85603,32.23574,24.24752,23.98292,19.63958,23.82092,32.48818,35.48862,32.33782,39.24302,39.74438,38.12259,28.63797,49.45684,47.19329,38.35799,52.50149,43.77412,33.44005,56.98109,42.5192,47.69749
zwe,Zimbabwe,,,,,,,,,,,26.28293,26.2277,28.89102,28.38296,33.58404,20.81796,21.18696,25.11919,34.13588,14.2653,22.0921,32.75636,32.48355
