geo,name,1975,1976,1977,1978,1979,1980,1981,1982,1983,1984,1985,1986,1987,1988,1989,1990,1991,1992,1993,1994,1995,1996,1997,1998,1999,2000,2001,2002,2003,2004,2005,2006,2007,2008,2009,2010,2011,2012,2013,2014,2015
afg,Afghanistan,118.90977,119.11233,119.31238,119.51125,119.7092,119.8995,120.08192,120.25936,120.43119,120.59866,120.76238,120.92387,121.08534,121.24435,121.40247,121.556,121.70882,121.85974,122.00742,122.15586,122.30112,122.44399,122.58647,122.73302,122.88333,123.03887,123.19687,123.35664,123.51812,123.67969,123.83743,123.99329,124.14462,124.28883,124.42569,124.55508,124.67774,124.7996,124.9171,125.02963,125.13477
ago,Angola,124.11738,124.30546,124.49381,124.67835,124.85979,125.03853,125.21541,125.39266,125.56863,125.74573,125.922,126.10183,126.28445,126.46639,126.64447,126.81266,126.96801,127.11173,127.24376,127.36436,127.47067,127.56639,127.6565,127.74298,127.83176,127.91847,128.00769,128.09625,128.18246,128.26779,128.34678,128.41566,128.47269,128.51524,128.53893,128.5467,128.5374,128.52175,128.49314,128.45545,128.40707
alb,Albania,130.38293,130.29697,130.20686,130.11467,130.02334,129.93205,129.84191,129.75235,129.66106,129.56665,129.47018,129.37453,129.28403,129.1971,129.1078,129.0178,128.93206,128.85244,128.77265,128.70003,128.63703,128.58275,128.54456,128.52395,128.52311,128.54379,128.58843,128.6556,128.74144,128.84116,128.94544,129.04488,129.13908,129.22183,129.28824,129.33828,129.37055,129.38955,129.39477,129.39143,129.38127
and,Andorra,130.44901,130.36111,130.24163,130.0982,129.93297,129.74691,129.53612,129.30092,129.0431,128.76785,128.47644,128.1642,127.83261,127.48649,127.12803,126.75521,126.37059,125.9777,125.57434,125.16772,124.75585,124.34267,123.93229,123.52516,123.12165,122.72359,122.32707,121.93393,121.54502,121.16037,120.77439,120.38824,120.00279,119.62043,119.23838,118.85958,118.48525,118.11482,117.75177,117.39113,117.03562
are,UAE,132.54817,132.16746,131.77732,131.37894,130.98204,130.5911,130.1937,129.79367,129.3949,128.9882,128.57134,128.15033,127.72637,127.3087,126.88791,126.46997,126.05372,125.63653,125.22101,124.81371,124.41777,124.04162,123.68602,123.35256,123.03721,122.7366,122.45622,122.19055,121.93391,121.67683,121.421,121.15673,120.89672,120.63918,120.37622,120.09646,119.78799,119.5002,119.21076,118.91586,118.61979
arg,Argentina,125.71401,125.48743,125.25742,125.02422,124.79082,124.55589,124.32583,124.09989,123.87935,123.667,123.46568,123.2768,123.09858,122.92485,122.75582,122.59199,122.42581,122.25478,122.08012,121.90411,121.72995,121.55967,121.3966,121.24282,121.10256,120.97509,120.85727,120.75751,120.67292,120.60501,120.55831,120.52815,120.51056,120.50344,120.50157,120.50273,120.50382,120.5064,120.5055,120.50107,120.49321
arm,Armenia,131.51045,131.47631,131.42844,131.37049,131.30119,131.22534,131.13699,131.03765,130.93071,130.81944,130.7058,130.5869,130.4655,130.34609,130.23221,130.12242,130.01129,129.90049,129.79518,129.69359,129.5949,129.50163,129.416,129.33469,129.26244,129.20241,129.15218,129.11026,129.07781,129.04732,129.01072,128.96446,128.90803,128.84783,128.78263,128.72086,128.66157,128.59952,128.53995,128.48511,128.43363
atg,Antigua and Barbuda,122.21214,122.15636,122.11165,122.07239,122.03702,121.99998,121.95974,121.91658,121.86923,121.81804,121.76956,121.72136,121.67366,121.62599,121.58057,121.53557,121.48283,121.4273,121.37024,121.3129,121.25963,121.21568,121.18492,121.16872,121.16521,121.17679,121.20513,121.25004,121.31498,121.40015,121.50547,121.63458,121.77523,121.92647,122.08978,122.26046,122.43727,122.62252,122.81216,123.00599,123.2001
aus,Australia,128.17959,127.78381,127.38309,126.98468,126.58727,126.19625,125.81426,125.43929,125.07212,124.71303,124.36324,124.0283,123.70955,123.40455,123.11003,122.82192,122.53394,122.24596,121.95326,121.65082,121.33997,121.02566,120.70784,120.38868,120.06748,119.74374,119.41139,119.07937,118.74856,118.42348,118.10975,117.81313,117.52931,117.25679,116.98922,116.7272,116.471,116.21689,115.96389,115.70931,115.45346
aut,Austria,129.15345,128.97687,128.80034,128.62895,128.45622,128.28336,128.11833,127.94982,127.78194,127.6139,127.45209,127.29638,127.14552,126.99412,126.83742,126.67179,126.49526,126.30775,126.10043,125.87935,125.64476,125.40229,125.151,124.89224,124.62699,124.35442,124.07941,123.81013,123.54094,123.26207,122.97975,122.69611,122.41231,122.12699,121.84152,121.56008,121.27968,120.99817,120.71509,120.43282,120.14925
aze,Azerbaijan,128.66622,128.54381,128.42389,128.30354,128.1818,128.0551,127.92535,127.79755,127.66675,127.53612,127.40804,127.2801,127.15405,127.03116,126.9134,126.79933,126.68701,126.57278,126.46133,126.35488,126.25456,126.16552,126.09264,126.03518,125.98932,125.95854,125.93948,125.93438,125.93992,125.95918,125.98008,125.99831,126.01556,126.03573,126.06053,126.0863,126.11291,126.1373,126.1612,126.1859,126.20778
bdi,Burundi,118.82539,119.01574,119.20285,119.3942,119.59181,119.79421,119.99825,120.21145,120.4374,120.67462,120.9173,121.16587,121.42064,121.67985,121.95038,122.21979,122.48205,122.74223,123.00222,123.26439,123.52451,123.77746,124.02724,124.28037,124.54112,124.81061,125.08768,125.37162,125.66214,125.95632,126.25197,126.547,126.83893,127.12395,127.40046,127.66329,127.91608,128.16331,128.40503,128.64564,128.88139
bel,Belgium,132.04189,131.50702,130.97327,130.44182,129.91282,129.38818,128.86598,128.34789,127.83966,127.34155,126.85826,126.40234,125.97965,125.58632,125.21907,124.87719,124.55875,124.26,123.97555,123.69978,123.4309,123.16603,122.91029,122.66954,122.44827,122.24793,122.07099,121.92103,121.79275,121.68379,121.59183,121.51356,121.44617,121.3914,121.34799,121.31837,121.29871,121.27563,121.25347,121.22791,121.20046
ben,Benin,123.4331,123.77399,124.10592,124.42522,124.73268,125.03181,125.31346,125.57697,125.82286,126.05255,126.27176,126.48272,126.68587,126.88209,127.06436,127.23315,127.38034,127.51242,127.62546,127.72084,127.79842,127.84932,127.87999,127.8933,127.89317,127.88187,127.86011,127.82686,127.77792,127.71234,127.63016,127.52936,127.39614,127.22847,127.02287,126.79156,126.5384,126.27891,126.0095,125.73364,125.45188
bfa,Burkina Faso,121.06328,121.37022,121.68489,122.00487,122.32542,122.64996,122.98151,123.31328,123.64487,123.97355,124.29639,124.60571,124.89887,125.17857,125.44189,125.68678,125.90841,126.11254,126.29629,126.45695,126.59732,126.71659,126.81473,126.89708,126.9667,127.02459,127.07104,127.10475,127.12218,127.11877,127.08836,127.02781,126.93334,126.80034,126.63517,126.43811,126.20992,125.96011,125.69502,125.41968,125.13371
bgd,Bangladesh,116.5851,116.88394,117.18994,117.5023,117.81824,118.13792,118.44435,118.73567,119.01293,119.27764,119.52911,119.76494,119.99071,120.20038,120.39656,120.57554,120.73522,120.87783,121.00064,121.10428,121.18922,121.25231,121.29666,121.32336,121.33198,121.32365,121.30236,121.26838,121.21873,121.1519,121.06756,120.96439,120.84063,120.69555,120.52694,120.33722,120.13457,119.9198,119.69151,119.45169,119.20214
bgr,Bulgaria,131.97083,131.96892,131.95035,131.91823,131.86966,131.80825,131.72573,131.62229,131.50272,131.36273,131.20469,131.02759,130.8389,130.63698,130.42235,130.19597,129.96387,129.72654,129.48215,129.23744,128.9902,128.7445,128.50015,128.26537,128.03936,127.82647,127.62183,127.42796,127.24201,127.06587,126.89418,126.72572,126.55622,126.38998,126.21899,126.04517,125.86823,125.68506,125.50089,125.31507,125.12496
bhr,Bahrain,132.46204,132.15102,131.83537,131.51246,131.18534,130.85454,130.51959,130.18431,129.84528,129.50164,129.15465,128.8037,128.45041,128.09721,127.73803,127.37545,127.00781,126.63657,126.26533,125.89949,125.54001,125.18945,124.85211,124.53058,124.22102,123.92098,123.62928,123.3456,123.06546,122.78749,122.50988,122.23212,121.95934,121.69174,121.42625,121.16191,120.89461,120.62901,120.3626,120.09569,119.82749
bhs,Bahamas,127.65063,127.5249,127.39265,127.25174,127.1082,126.96319,126.8175,126.67035,126.52025,126.36506,126.20748,126.04349,125.87424,125.69605,125.50971,125.31514,125.10795,124.8927,124.66862,124.44152,124.2125,123.98697,123.76561,123.54787,123.33506,123.1264,122.92567,122.73677,122.56352,122.40083,122.24667,122.10522,121.97051,121.84201,121.71933,121.59913,121.48018,121.36096,121.24007,121.11867,120.99432
bih,Bosnia and Herzegovina,129.75506,129.91543,130.06338,130.20118,130.3295,130.44792,130.54622,130.62785,130.6941,130.7448,130.78179,130.79915,130.80665,130.80144,130.78014,130.746,130.69509,130.63191,130.55285,130.46583,130.37307,130.27483,130.17222,130.07201,129.97929,129.89356,129.81306,129.73535,129.65522,129.57021,129.4773,129.37491,129.26648,129.14999,129.02558,128.90071,128.77584,128.63743,128.49712,128.35453,128.21003
blr,Belarus,130.70597,130.79725,130.87225,130.93417,130.98258,131.01742,131.03642,131.03849,131.02229,130.98868,130.9399,130.86856,130.7782,130.66947,130.54378,130.40102,130.23444,130.04755,129.84405,129.63198,129.41458,129.19272,128.96972,128.75044,128.5368,128.32828,128.12277,127.92342,127.73004,127.54194,127.35623,127.17077,126.98496,126.80105,126.62326,126.44811,126.27266,126.09317,125.90798,125.71834,125.52154
blz,Belize,122.77043,122.56678,122.3683,122.17314,121.98445,121.79624,121.60396,121.40833,121.21446,121.02158,120.83226,120.64899,120.46824,120.28957,120.11175,119.93466,119.7607,119.58771,119.41349,119.24647,119.08803,118.94304,118.80979,118.69026,118.58399,118.48799,118.40227,118.33173,118.27318,118.23123,118.21293,118.21864,118.24335,118.28232,118.33559,118.40554,118.48745,118.5681,118.65272,118.73657,118.82425
bol,Bolivia,122.57845,122.52919,122.49027,122.46181,122.44422,122.43397,122.43081,122.42998,122.43586,122.43807,122.42993,122.40854,122.37313,122.3211,122.2549,122.17723,122.08317,121.97544,121.85713,121.73052,121.60142,121.46751,121.3308,121.1957,121.06378,120.93796,120.81964,120.70726,120.60564,120.51373,120.43416,120.37215,120.32091,120.27935,120.24296,120.20838,120.17416,120.14398,120.11094,120.071,120.02373
bra,Brazil,130.21063,130.17784,130.13615,130.08239,130.01928,129.94484,129.85621,129.75384,129.63507,129.49941,129.34645,129.17734,128.98942,128.77537,128.53599,128.27711,127.99812,127.69958,127.38467,127.06018,126.73525,126.41155,126.10193,125.81375,125.55128,125.31271,125.09398,124.8971,124.72597,124.58437,124.47819,124.40579,124.35835,124.32969,124.31466,124.30768,124.30418,124.30328,124.30149,124.29906,124.28926
brb,Barbados,126.27735,126.28678,126.28965,126.2912,126.29469,126.29782,126.27592,126.23256,126.17113,126.0972,126.01372,125.9218,125.82259,125.71883,125.61043,125.50238,125.40222,125.31298,125.22879,125.15223,125.08239,125.01614,124.95302,124.89163,124.83223,124.77672,124.72367,124.67722,124.63812,124.60964,124.59394,124.59281,124.60184,124.61516,124.63164,124.65029,124.66805,124.68867,124.707,124.72683,124.74402
brn,Brunei,123.70161,123.5708,123.40513,123.21959,123.02199,122.81825,122.63467,122.46943,122.32128,122.18804,122.06853,121.96306,121.87282,121.7871,121.70123,121.6111,121.51566,121.41095,121.30129,121.18656,121.06631,120.94255,120.8164,120.69126,120.57106,120.45393,120.34027,120.23508,120.13083,120.03001,119.9317,119.83484,119.73439,119.62756,119.51526,119.39769,119.27839,119.1554,119.02875,118.89538,118.76009
btn,Bhutan,118.97107,119.16435,119.35249,119.5377,119.72247,119.90396,120.0877,120.27061,120.45434,120.64004,120.825,121.0149,121.20757,121.4012,121.59582,121.78861,121.98088,122.17317,122.36491,122.55528,122.74058,122.92371,123.10527,123.28782,123.47313,123.65987,123.84908,124.04046,124.23306,124.42714,124.61694,124.80243,124.98151,125.15369,125.31757,125.47615,125.62782,125.77578,125.91581,126.04566,126.16502
bwa,Botswana,124.57495,124.90116,125.21664,125.52201,125.81785,126.10234,126.40614,126.72508,127.05536,127.39059,127.72695,128.07969,128.43745,128.78885,129.12316,129.43564,129.69066,129.89815,130.06248,130.18991,130.28231,130.33486,130.36243,130.37364,130.36688,130.3481,130.32156,130.28547,130.24297,130.19364,130.14161,130.08813,130.02833,129.96097,129.88744,129.80776,129.72144,129.6291,129.53375,129.43501,129.33234
caf,Central African Republic,126.07315,126.24023,126.38783,126.5191,126.63813,126.74864,126.84549,126.93238,127.01335,127.0955,127.17635,127.25856,127.34162,127.42741,127.51249,127.59671,127.67499,127.74666,127.81151,127.87267,127.92983,127.98528,128.04061,128.09515,128.15505,128.219,128.29227,128.37212,128.45791,128.5499,128.64428,128.74028,128.83884,128.92973,129.01213,129.08527,129.15004,129.21266,129.27178,129.32648,129.37962
can,Canada,123.00223,122.8407,122.6745,122.50844,122.34321,122.18542,122.03617,121.89027,121.75332,121.61828,121.48618,121.35802,121.23463,121.1166,120.99964,120.87296,120.73106,120.57116,120.3827,120.15965,119.90282,119.61168,119.2909,118.94524,118.5739,118.17949,117.76078,117.32492,116.8709,116.4082,115.93816,115.46588,114.99329,114.52118,114.05064,113.5816,113.11203,112.65097,112.18988,111.72705,111.2626
che,Switzerland,125.59151,125.39748,125.1969,124.99199,124.78033,124.56701,124.3976,124.25655,124.13875,124.03522,123.94571,123.86421,123.79072,123.71101,123.61888,123.50455,123.3436,123.14235,122.89825,122.61458,122.29492,121.94178,121.56389,121.16965,120.77048,120.37518,119.98735,119.615,119.25378,118.90261,118.55713,118.21746,117.88205,117.55069,117.21888,116.89045,116.56372,116.24958,115.93548,115.61785,115.30029
chl,Chile,127.98074,127.84146,127.6952,127.54005,127.37513,127.19952,127.00898,126.80605,126.59601,126.37647,126.15325,125.92878,125.70155,125.46893,125.23382,124.99367,124.74943,124.49741,124.23833,123.97232,123.69853,123.42146,123.14922,122.88345,122.62519,122.37014,122.12252,121.88535,121.6589,121.44102,121.23842,121.05055,120.87548,120.71082,120.55443,120.3999,120.25066,120.1044,119.95687,119.80707,119.6528
chn,China,118.12851,118.17935,118.23688,118.29942,118.36889,118.44005,118.51977,118.60268,118.68504,118.75741,118.82143,118.87569,118.92606,118.97327,119.01454,119.04912,119.08275,119.11597,119.13581,119.1404,119.13557,119.12232,119.10814,119.0955,119.08532,119.07864,119.07808,119.0924,119.13436,119.21469,119.33652,119.50659,119.71075,119.93492,120.17209,120.40674,120.636,120.8642,121.08565,121.29173,121.48449
civ,Cote d'Ivoire,126.19136,126.42487,126.65061,126.86591,127.072,127.27005,127.44166,127.59261,127.7255,127.84133,127.94757,128.05048,128.15223,128.25389,128.3525,128.44793,128.53819,128.62408,128.70281,128.77473,128.83597,128.88318,128.91455,128.93408,128.94816,128.95937,128.96954,128.97783,128.98564,128.98864,128.98189,128.96278,128.92545,128.86826,128.79429,128.6998,128.58409,128.45085,128.30572,128.15033,127.98402
cmr,Cameroon,123.3301,123.46113,123.57561,123.67147,123.75399,123.82578,123.88622,123.94147,123.98524,124.02652,124.06692,124.10812,124.15555,124.21492,124.27903,124.34959,124.42131,124.49746,124.57508,124.65602,124.73731,124.81637,124.90105,124.9919,125.09727,125.21783,125.35175,125.49724,125.64771,125.80208,125.95242,126.09191,126.21074,126.30533,126.37458,126.42272,126.44887,126.46658,126.47596,126.4765,126.46891
cod,"Congo, Dem. Rep.",125.24031,125.32597,125.40836,125.48899,125.56745,125.6434,125.71685,125.789,125.85557,125.92109,125.9832,126.05063,126.12151,126.1929,126.26335,126.32904,126.3842,126.43274,126.47604,126.51329,126.54274,126.56588,126.58451,126.6013,126.61958,126.6403,126.66508,126.6957,126.72889,126.76473,126.80072,126.83836,126.87458,126.90662,126.92995,126.94433,126.95148,126.95391,126.94906,126.93901,126.92328
cog,"Congo, Rep.",128.86547,129.00145,129.12988,129.25103,129.36769,129.47398,129.56789,129.65085,129.7245,129.79374,129.85654,129.90412,129.93998,129.96367,129.97723,129.97814,129.96787,129.94692,129.91659,129.87743,129.83039,129.77272,129.70861,129.64019,129.56963,129.49703,129.42697,129.35863,129.29074,129.22137,129.14718,129.06994,128.98803,128.89485,128.79359,128.68359,128.56899,128.4463,128.31615,128.17814,128.03462
col,Colombia,123.46178,123.3885,123.30932,123.22317,123.13137,123.03222,122.92739,122.82115,122.71031,122.59412,122.47548,122.35088,122.22039,122.08419,121.94265,121.79655,121.64318,121.48194,121.31564,121.14869,120.98044,120.81458,120.65022,120.49133,120.34043,120.19715,120.06217,119.94097,119.8322,119.73915,119.66243,119.6023,119.54814,119.4933,119.43801,119.3812,119.32266,119.26809,119.21123,119.15195,119.0897
com,Comoros,123.79585,123.94266,124.08145,124.21159,124.34022,124.46178,124.5804,124.69763,124.81488,124.93026,125.04689,125.16721,125.29098,125.41743,125.54932,125.68731,125.82107,125.95111,126.07708,126.19968,126.31568,126.42382,126.52795,126.63124,126.7397,126.85604,126.98223,127.12127,127.27092,127.43118,127.60004,127.76953,127.9375,128.09834,128.2527,128.39817,128.53644,128.67082,128.80189,128.93206,129.06023
cpv,Cape Verde,126.01895,126.21905,126.4192,126.61267,126.79996,126.98406,127.19775,127.44142,127.69892,127.96289,128.23201,128.51821,128.79614,129.06575,129.32951,129.58535,129.80528,129.99352,130.15747,130.29667,130.41571,130.50908,130.58679,130.65165,130.70619,130.75536,130.79856,130.82971,130.84922,130.85426,130.83855,130.79706,130.72394,130.6186,130.48276,130.31716,130.12507,129.91511,129.69279,129.46063,129.21899
cri,Costa Rica,122.2212,122.22291,122.21803,122.20936,122.19485,122.17457,122.15299,122.12793,122.09958,122.0648,122.02674,121.99311,121.95988,121.92623,121.88483,121.83489,121.77672,121.7092,121.6377,121.5606,121.48373,121.4088,121.33446,121.26037,121.18858,121.11819,121.04911,120.98216,120.91939,120.86274,120.80932,120.75959,120.71033,120.65693,120.60176,120.54536,120.48805,120.42422,120.3515,120.2657,120.17076
cub,Cuba,125.23405,125.13605,125.03443,124.9264,124.81625,124.70022,124.57108,124.43315,124.28349,124.11928,123.94744,123.76708,123.57845,123.38294,123.18201,122.97315,122.75098,122.51211,122.26484,122.00976,121.74975,121.48672,121.22261,120.95932,120.69737,120.438,120.18145,119.93643,119.69445,119.46051,119.23992,119.03638,118.84069,118.65934,118.49181,118.34409,118.2071,118.05798,117.91031,117.76152,117.6109
cyp,Cyprus,123.92882,124.02893,124.15201,124.29104,124.43709,124.57733,124.67541,124.73607,124.75302,124.73786,124.69469,124.62339,124.52868,124.42478,124.31204,124.18756,124.04322,123.88456,123.70668,123.51933,123.31253,123.09348,122.8623,122.62351,122.37557,122.12192,121.86494,121.607,121.35111,121.09698,120.83944,120.57412,120.30522,120.03427,119.75743,119.48068,119.20675,118.93589,118.67053,118.40513,118.14416
cze,Czech Republic,131.4977,131.36993,131.2402,131.1045,130.96193,130.80967,130.62186,130.39978,130.14627,129.86325,129.55632,129.22631,128.87983,128.52271,128.15219,127.7713,127.38084,126.98179,126.5718,126.15901,125.74878,125.34473,124.95538,124.58782,124.24275,123.92083,123.62572,123.3602,123.12012,122.90422,122.7061,122.51586,122.33451,122.15652,121.98087,121.80514,121.63233,121.46104,121.29125,121.1249,120.95812
deu,Germany,132.11201,132.01379,131.91587,131.81674,131.71809,131.61748,131.51296,131.39708,131.26728,131.12137,130.95928,130.79173,130.61582,130.41299,130.17675,129.89792,129.57717,129.21317,128.80222,128.3448,127.84046,127.29851,126.73289,126.15212,125.56526,124.97371,124.38709,123.80832,123.23485,122.66556,122.10151,121.54578,120.99792,120.46056,119.92901,119.4041,118.88764,118.37629,117.86584,117.35236,116.83703
dji,Djibouti,130.552,130.5529,130.54533,130.52584,130.50033,130.46487,130.40786,130.33585,130.25124,130.15498,130.05362,129.94414,129.83176,129.71848,129.60674,129.49087,129.37308,129.25322,129.13143,129.00914,128.88266,128.75353,128.62185,128.49349,128.37017,128.25607,128.15182,128.05998,127.9762,127.90063,127.82853,127.75269,127.67383,127.58761,127.48867,127.37441,127.24937,127.12525,126.9994,126.87335,126.74202
dma,Dominica,126.52693,126.56985,126.61136,126.64959,126.68535,126.71612,126.75839,126.81186,126.87299,126.93811,127.00479,127.0708,127.12774,127.16802,127.19548,127.21497,127.2067,127.17774,127.13329,127.08682,127.03612,126.9798,126.921,126.8622,126.81099,126.76449,126.72771,126.70142,126.68255,126.67189,126.66957,126.67903,126.68728,126.68396,126.67031,126.65642,126.6436,126.62368,126.59642,126.56362,126.52408
dnk,Denmark,127.83305,127.64564,127.44844,127.24897,127.04436,126.84121,126.6386,126.43406,126.23022,126.03209,125.84544,125.67775,125.53197,125.40038,125.28028,125.17209,125.06872,124.96653,124.8552,124.72965,124.58248,124.40835,124.20699,123.98182,123.73733,123.47448,123.20303,122.92853,122.65053,122.36971,122.08607,121.80336,121.52123,121.24081,120.95841,120.6823,120.41008,120.14406,119.87973,119.61339,119.3443
dom,Dominican Republic,124.18095,124.27555,124.35982,124.4343,124.50695,124.57084,124.61018,124.62902,124.63141,124.61636,124.58993,124.54653,124.48576,124.41224,124.32772,124.24236,124.16007,124.0855,124.01457,123.95156,123.89351,123.84469,123.79828,123.75254,123.70673,123.65795,123.6055,123.54512,123.47764,123.40731,123.3366,123.26473,123.18862,123.10617,123.01351,122.9067,122.78343,122.65504,122.51403,122.36003,122.1937
dza,Algeria,128.34031,128.40159,128.46598,128.53177,128.59932,128.66643,128.74013,128.81705,128.89429,128.96493,129.02752,129.08272,129.12966,129.16394,129.17993,129.17852,129.15442,129.11003,129.05215,128.97901,128.89053,128.78504,128.66864,128.54207,128.40028,128.2471,128.07821,127.8941,127.69124,127.4681,127.22585,126.96574,126.6955,126.42005,126.13926,125.84539,125.53756,125.22376,124.90215,124.57122,124.23395
ecu,Ecuador,121.19068,121.19865,121.20226,121.20233,121.19991,121.18871,121.16769,121.138,121.10002,121.05759,121.00678,120.95081,120.88564,120.81168,120.7287,120.63875,120.5425,120.43869,120.32548,120.20677,120.08475,119.96127,119.83922,119.72276,119.60777,119.49702,119.39313,119.29876,119.21652,119.14905,119.09674,119.06608,119.05225,119.05026,119.05813,119.06901,119.08075,119.10244,119.12674,119.14972,119.17154
egy,Egypt,128.63421,128.62927,128.61262,128.58691,128.55633,128.51882,128.47417,128.42265,128.36877,128.31095,128.25191,128.18651,128.11789,128.04494,127.96578,127.88171,127.78898,127.69018,127.58633,127.48243,127.37988,127.27967,127.18824,127.10284,127.02428,126.94804,126.87533,126.80857,126.75087,126.69343,126.63436,126.5714,126.51171,126.46294,126.42209,126.38434,126.34608,126.29231,126.23296,126.16967,126.10363
eri,Eritrea,117.98134,118.11494,118.2438,118.36719,118.48525,118.59616,118.70419,118.80976,118.91189,119.01695,119.12544,119.24041,119.36134,119.48703,119.61582,119.74192,119.8581,119.96415,120.06596,120.15541,120.23251,120.29759,120.35504,120.40737,120.45975,120.51713,120.57667,120.64243,120.71256,120.78797,120.86635,120.94844,121.03415,121.11676,121.19347,121.26708,121.34052,121.40782,121.47206,121.53351,121.58854
esp,Spain,128.50844,128.25533,127.99117,127.71765,127.43609,127.14536,126.83923,126.51991,126.19089,125.85212,125.49927,125.14001,124.77758,124.41682,124.05461,123.69463,123.33616,122.98042,122.63112,122.29464,121.97685,121.67519,121.38724,121.11618,120.85745,120.60965,120.36849,120.13454,119.90507,119.67509,119.43923,119.19687,118.95222,118.70279,118.44965,118.19364,117.93642,117.67446,117.41085,117.14205,116.86966
est,Estonia,133.91228,133.68537,133.44532,133.19432,132.93503,132.66668,132.38622,132.08926,131.77838,131.45072,131.1086,130.7444,130.36671,129.97891,129.57908,129.16817,128.74503,128.31772,127.88478,127.45456,127.02526,126.60474,126.19465,125.80754,125.45248,125.13002,124.84241,124.59822,124.39757,124.23954,124.12135,124.03993,123.99033,123.97635,123.9958,124.0436,124.11539,124.20206,124.29447,124.38671,124.48075
eth,Ethiopia,118.005,118.15612,118.30578,118.45297,118.59957,118.74308,118.88873,119.04155,119.19985,119.36796,119.54799,119.74226,119.95056,120.17087,120.40004,120.63467,120.86785,121.10249,121.33698,121.57154,121.80202,122.02405,122.24548,122.4729,122.70832,122.95474,123.21209,123.48305,123.7692,124.06927,124.3779,124.69097,125.00334,125.30869,125.60567,125.89173,126.16909,126.44005,126.70442,126.96592,127.21939
fin,Finland,130.45289,130.36795,130.27348,130.17167,130.05795,129.93522,129.80753,129.6725,129.5309,129.38418,129.23889,129.10003,128.96225,128.81488,128.64785,128.45422,128.2265,127.96564,127.66593,127.33007,126.96186,126.56382,126.14222,125.70121,125.25098,124.80404,124.3674,123.94861,123.53798,123.1356,122.73566,122.33984,121.9477,121.56083,121.18121,120.81144,120.44943,120.09448,119.74187,119.38729,119.03194
fji,Fiji,122.95539,123.02415,123.08432,123.13776,123.18472,123.2285,123.27075,123.3159,123.35965,123.40596,123.45765,123.53045,123.61139,123.70062,123.79344,123.89413,124.00235,124.12027,124.2402,124.36419,124.49129,124.61593,124.74037,124.86566,124.99478,125.13024,125.26709,125.41112,125.564,125.7224,125.88453,126.0525,126.22838,126.40411,126.58017,126.75567,126.92529,127.09097,127.2538,127.41357,127.57104
fra,France,130.71144,130.43838,130.14944,129.84688,129.53649,129.21557,128.88698,128.54586,128.19365,127.8333,127.45691,127.06952,126.67057,126.26369,125.84946,125.42881,125.00362,124.57974,124.15503,123.734,123.32208,122.92342,122.53755,122.16617,121.80717,121.45901,121.1229,120.7997,120.48866,120.18691,119.88869,119.58709,119.28382,118.98104,118.67544,118.37135,118.06953,117.77136,117.47142,117.167,116.85827
fsm,"Micronesia, Fed. Sts.",121.50046,121.39296,121.27685,121.15612,121.03569,120.91808,120.80013,120.68791,120.58091,120.47828,120.38626,120.30451,120.22899,120.16377,120.11064,120.06909,120.03958,120.02298,120.01831,120.03102,120.0632,120.10839,120.16903,120.24755,120.34751,120.47133,120.62108,120.80043,121.00597,121.24125,121.50457,121.79439,122.11128,122.44576,122.79061,123.14079,123.49386,123.84857,124.20439,124.56241,124.9204
gab,Gabon,126.58742,126.93788,127.27905,127.60281,127.91242,128.20273,128.45662,128.67277,128.84907,128.99108,129.10449,129.18927,129.24986,129.29077,129.31197,129.31221,129.29059,129.25131,129.19822,129.13171,129.05207,128.95418,128.84042,128.71556,128.58479,128.44431,128.2962,128.14058,127.98015,127.8148,127.64413,127.46796,127.28472,127.09115,126.88647,126.6668,126.4412,126.20988,125.97286,125.72821,125.4807
gbr,UK,124.05943,124.24414,124.43249,124.62866,124.83061,125.04314,125.26125,125.48334,125.7109,125.94,126.17188,126.41012,126.6562,126.89843,127.12592,127.32662,127.48362,127.58159,127.60303,127.53721,127.38829,127.16488,126.87281,126.52441,126.12725,125.67923,125.1777,124.64295,124.08332,123.50622,122.92255,122.34101,121.76726,121.19702,120.62869,120.06332,119.50249,118.93942,118.37629,117.8095,117.23729
geo,Georgia,128.48516,128.47085,128.45273,128.43169,128.41107,128.38948,128.36624,128.34149,128.31429,128.28562,128.25227,128.21158,128.16838,128.12105,128.0725,128.02178,127.9676,127.90587,127.83982,127.77261,127.70763,127.64021,127.57477,127.50877,127.44895,127.39835,127.35741,127.32662,127.30834,127.30082,127.29789,127.30491,127.31834,127.33985,127.36084,127.38176,127.40248,127.42505,127.44849,127.47109,127.49344
gha,Ghana,123.09064,123.24025,123.38487,123.52671,123.6708,123.81661,123.96533,124.11965,124.2697,124.41306,124.55046,124.69029,124.83132,124.97131,125.10566,125.2379,125.35742,125.46682,125.55857,125.63069,125.68169,125.70971,125.71801,125.70984,125.68781,125.65253,125.60558,125.54696,125.47054,125.37782,125.26168,125.11801,124.93899,124.72568,124.4789,124.20376,123.90231,123.57927,123.24146,122.89162,122.53382
gin,Guinea,125.395,125.65455,125.91062,126.16451,126.41237,126.65602,126.89258,127.12317,127.34548,127.56227,127.77729,127.9867,128.19449,128.40105,128.60504,128.80759,129.00908,129.20843,129.40544,129.60056,129.79375,129.98391,130.17505,130.37287,130.57529,130.78216,130.99258,131.20424,131.41127,131.61007,131.8,131.98085,132.1456,132.29081,132.41581,132.51852,132.60043,132.66365,132.71562,132.75755,132.7913
gmb,Gambia,125.96628,126.1456,126.31289,126.46557,126.6073,126.73868,126.86295,126.98632,127.10764,127.2291,127.35443,127.48268,127.61762,127.75959,127.90289,128.04688,128.19063,128.33045,128.46634,128.60098,128.73321,128.86548,129.00218,129.14538,129.29402,129.45009,129.60973,129.7777,129.94849,130.11402,130.27393,130.42696,130.56557,130.68366,130.78451,130.86452,130.91899,130.95388,130.97868,130.99307,130.99933
gnb,Guinea-Bissau,123.68878,123.88634,124.08477,124.27985,124.47681,124.67473,124.88822,125.11306,125.34435,125.57934,125.80548,126.03326,126.25973,126.48615,126.70596,126.9199,127.11864,127.30835,127.48435,127.6534,127.81356,127.95775,128.09092,128.21922,128.34389,128.46365,128.58204,128.6952,128.80058,128.89328,128.96772,129.01781,129.04044,129.03027,128.98813,128.91594,128.81461,128.70124,128.5757,128.43704,128.28775
gnq,Equatorial Guinea,125.42785,125.49177,125.55645,125.62029,125.6871,125.75448,125.82756,125.90597,125.98745,126.07461,126.16467,126.27126,126.39057,126.51612,126.64326,126.76602,126.8792,126.9829,127.07769,127.16043,127.23038,127.27998,127.31728,127.34514,127.36739,127.38671,127.41127,127.44082,127.47362,127.51279,127.55296,127.5947,127.63565,127.67088,127.69809,127.71957,127.73635,127.75015,127.76099,127.77065,127.77848
grc,Greece,126.94906,126.77226,126.58893,126.39946,126.20741,126.00718,125.79051,125.56359,125.32699,125.08121,124.82443,124.56416,124.30293,124.03375,123.76274,123.48769,123.20861,122.92463,122.63689,122.34925,122.06744,121.79224,121.52424,121.27014,121.02061,120.77808,120.53342,120.28932,120.04091,119.78837,119.53065,119.27112,119.00689,118.74467,118.47779,118.20911,117.94176,117.66909,117.39322,117.11481,116.83441
grd,Grenada,123.99892,123.97865,123.9555,123.92872,123.90006,123.87104,123.84154,123.8103,123.77905,123.74758,123.71925,123.70017,123.68339,123.66875,123.65588,123.6431,123.63786,123.64223,123.65257,123.66962,123.69547,123.73187,123.77772,123.83629,123.90677,123.99295,124.09736,124.21791,124.35759,124.51414,124.68952,124.88049,125.08676,125.29995,125.51614,125.73433,125.95557,126.1753,126.39402,126.60955,126.82292
gtm,Guatemala,120.57775,120.5145,120.44534,120.37389,120.30112,120.2256,120.15156,120.07903,120.00628,119.93342,119.85963,119.78754,119.71344,119.63802,119.55829,119.47426,119.38628,119.29703,119.20898,119.12354,119.04468,118.97414,118.91116,118.86199,118.82934,118.80979,118.80449,118.81423,118.84203,118.8888,118.95499,119.03842,119.13216,119.23155,119.33546,119.44246,119.55075,119.65887,119.76195,119.85804,119.94951
guy,Guyana,122.27783,122.26854,122.25848,122.25003,122.24446,122.23922,122.23147,122.22011,122.20707,122.18956,122.16835,122.14537,122.12509,122.10501,122.08763,122.07111,122.05217,122.03418,122.0198,122.01113,122.00821,122.01733,122.03439,122.06094,122.09819,122.14016,122.19041,122.2528,122.33076,122.42567,122.53506,122.65893,122.79457,122.9385,123.08819,123.24014,123.39493,123.55203,123.70765,123.86237,124.01547
hnd,Honduras,120.36242,120.44922,120.5272,120.59759,120.66168,120.71866,120.76815,120.80906,120.84033,120.8624,120.88105,120.89652,120.90792,120.91073,120.90429,120.88982,120.8673,120.83778,120.80253,120.76106,120.71527,120.66693,120.61552,120.56753,120.52851,120.49572,120.47166,120.4577,120.45227,120.45593,120.4734,120.50977,120.55547,120.60168,120.64953,120.69552,120.73526,120.77419,120.80863,120.83552,120.85642
hrv,Croatia,130.44995,130.46092,130.46014,130.45003,130.43101,130.40378,130.35791,130.29312,130.21076,130.11184,129.99987,129.87212,129.7367,129.59282,129.43967,129.28147,129.11514,128.94773,128.77627,128.60585,128.43712,128.27095,128.11377,127.97254,127.8489,127.74835,127.66827,127.61297,127.57924,127.57419,127.58746,127.60455,127.6241,127.63927,127.6458,127.64416,127.63348,127.61097,127.58287,127.55185,127.51982
hti,Haiti,121.58875,121.66358,121.73182,121.79271,121.85217,121.91395,121.98578,122.06938,122.15908,122.25172,122.35016,122.46204,122.58011,122.70405,122.82706,122.9472,123.05556,123.15614,123.2497,123.33299,123.41185,123.48212,123.54671,123.60638,123.66428,123.72225,123.78612,123.85676,123.93391,124.01465,124.09855,124.18221,124.25587,124.31652,124.36077,124.38324,124.39155,124.38956,124.37164,124.33824,124.29074
hun,Hungary,132.02215,131.97832,131.92987,131.87538,131.8181,131.75734,131.6905,131.61834,131.54321,131.45875,131.36677,131.26645,131.15996,131.03914,130.90227,130.74905,130.57332,130.37537,130.15876,129.9244,129.67744,129.42268,129.16657,128.91534,128.67131,128.43423,128.2087,127.99679,127.79255,127.59275,127.39361,127.19143,126.98566,126.77215,126.55071,126.32263,126.09234,125.84724,125.5975,125.34409,125.08761
idn,Indonesia,121.24819,121.45212,121.65715,121.86357,122.07214,122.27702,122.47939,122.68069,122.87976,123.07483,123.26651,123.46055,123.65444,123.84573,124.0362,124.22503,124.41673,124.6016,124.78103,124.95101,125.10826,125.25394,125.389,125.51431,125.62492,125.72337,125.8127,125.89512,125.97147,126.04231,126.10554,126.1584,126.19488,126.21341,126.2133,126.19404,126.15959,126.11354,126.0562,125.98874,125.91577
ind,India,119.12488,119.3004,119.47341,119.64735,119.81802,119.99018,120.16108,120.33154,120.50043,120.67019,120.84381,121.01911,121.20002,121.38433,121.56746,121.74585,121.92079,122.09301,122.26023,122.42256,122.57476,122.72047,122.86535,123.01479,123.16844,123.3265,123.49315,123.66793,123.84373,124.01334,124.16751,124.29993,124.40613,124.48142,124.5235,124.53475,124.5167,124.48227,124.43753,124.38624,124.32909
irl,Ireland,124.91339,124.93219,124.94342,124.95248,124.95586,124.96317,124.97031,124.97662,124.98679,124.99559,125.00269,125.00907,125.01892,125.02808,125.02918,125.01855,124.99794,124.96213,124.90306,124.81317,124.70086,124.56503,124.41214,124.24044,124.04939,123.83624,123.59506,123.32372,123.02044,122.6929,122.34146,121.9733,121.58834,121.1908,120.78004,120.36472,119.94713,119.53032,119.11135,118.68994,118.26602
irn,Iran,124.33868,124.35236,124.35757,124.35188,124.33868,124.31874,124.27979,124.22501,124.15436,124.06912,123.97381,123.86376,123.74398,123.6175,123.47972,123.32829,123.17258,123.00863,122.8372,122.6628,122.48263,122.29405,122.09972,121.90091,121.6974,121.49113,121.28178,121.0743,120.86738,120.66204,120.45292,120.24112,120.02945,119.82083,119.60765,119.38853,119.16243,118.93823,118.70851,118.47246,118.23075
irq,Iraq,131.40965,131.46873,131.51081,131.53255,131.54164,131.53912,131.51827,131.48341,131.43591,131.37364,131.2977,131.20925,131.11266,131.0081,130.89222,130.76778,130.63533,130.49533,130.34835,130.19619,130.03809,129.87495,129.71311,129.5525,129.39625,129.23759,129.07617,128.91497,128.75262,128.58429,128.40611,128.21835,128.02649,127.83215,127.63535,127.4306,127.21733,126.99825,126.77679,126.5509,126.32045
isl,Iceland,123.86578,123.54672,123.22694,122.90925,122.59933,122.30237,122.02568,121.76067,121.50505,121.25715,121.02558,120.81832,120.62776,120.44659,120.27338,120.1085,119.94673,119.78997,119.63243,119.47413,119.30785,119.13576,118.96038,118.78576,118.61495,118.446,118.27852,118.11439,117.9519,117.785,117.60917,117.42718,117.24089,117.05188,116.85711,116.65917,116.46048,116.26183,116.06073,115.85665,115.65074
isr,Israel,128.80456,128.62518,128.44437,128.26458,128.08791,127.91342,127.73922,127.55579,127.36086,127.15684,126.94256,126.71498,126.47658,126.22651,125.96309,125.68419,125.38919,125.08662,124.77112,124.44978,124.11776,123.77007,123.41283,123.05045,122.6809,122.30849,121.9293,121.55147,121.17806,120.8077,120.43129,120.05326,119.67165,119.28791,118.89798,118.50864,118.12444,117.73342,117.34538,116.95792,116.5727
ita,Italy,129.68186,129.52888,129.37162,129.21107,129.04717,128.87589,128.69512,128.50246,128.3028,128.10472,127.91024,127.72519,127.54434,127.36924,127.19476,127.01558,126.8262,126.62728,126.41715,126.19652,125.9679,125.73179,125.48986,125.24046,124.98348,124.7169,124.44378,124.16516,123.8778,123.57771,123.26333,122.93723,122.59971,122.25045,121.88184,121.50406,121.12296,120.73715,120.35305,119.9656,119.57702
jam,Jamaica,124.15065,124.13718,124.11135,124.07549,124.03371,123.98689,123.92763,123.85783,123.77853,123.69321,123.60798,123.52479,123.44246,123.36361,123.2888,123.21707,123.15136,123.09359,123.03799,122.98654,122.93865,122.89253,122.84952,122.81491,122.78948,122.77221,122.76412,122.76711,122.78551,122.81378,122.85444,122.9067,122.96711,123.02979,123.09217,123.15609,123.22203,123.28386,123.34297,123.3959,123.44635
jor,Jordan,127.32835,127.21435,127.09522,126.96762,126.8375,126.69995,126.57533,126.46244,126.35088,126.24291,126.12929,126.00985,125.87932,125.73264,125.57169,125.39383,125.19223,124.97288,124.74269,124.50253,124.25666,124.00287,123.74656,123.4939,123.23901,122.98038,122.7207,122.4571,122.19149,121.92223,121.64694,121.36984,121.10176,120.84804,120.60402,120.36109,120.11432,119.86278,119.60824,119.3511,119.09323
jpn,Japan,130.2254,129.79812,129.34981,128.88551,128.40984,127.92805,127.44511,126.96471,126.49343,126.03741,125.60506,125.20432,124.8293,124.4712,124.12655,123.78867,123.45266,123.11494,122.76666,122.40335,122.02683,121.63875,121.24684,120.8629,120.49539,120.1467,119.82737,119.53819,119.27459,119.03237,118.80449,118.58877,118.38369,118.18525,117.9895,117.79464,117.5999,117.40339,117.20229,116.99535,116.78311
kaz,Kazakhstan,129.02071,128.95132,128.87125,128.78183,128.68094,128.57466,128.46368,128.34937,128.23366,128.11917,128.0043,127.88317,127.75812,127.62956,127.4981,127.36606,127.23174,127.10032,126.97257,126.84861,126.72803,126.6143,126.50867,126.41398,126.32862,126.25464,126.18968,126.1334,126.08806,126.0501,126.01759,125.98946,125.96697,125.95019,125.93958,125.93325,125.92683,125.93004,125.93686,125.94567,125.95783
ken,Kenya,121.59686,121.6834,121.76989,121.85393,121.93866,122.02287,122.09278,122.15369,122.21471,122.278,122.35058,122.44268,122.55569,122.68605,122.83227,122.99261,123.16734,123.35296,123.54533,123.73945,123.93271,124.12669,124.32068,124.51229,124.71219,124.9234,125.14692,125.38443,125.63238,125.89068,126.15143,126.41386,126.67488,126.92789,127.16989,127.40098,127.62058,127.83492,128.04404,128.25035,128.45295
kgz,Kyrgyz Republic,125.86092,125.78888,125.70927,125.62606,125.53776,125.44764,125.35465,125.26258,125.16962,125.07825,124.98938,124.90105,124.81518,124.73356,124.66142,124.59694,124.53742,124.48246,124.43676,124.4009,124.37838,124.36831,124.37339,124.39201,124.42377,124.4725,124.53634,124.62053,124.7202,124.83484,124.96237,125.09691,125.24203,125.39738,125.56655,125.74785,125.93973,126.13576,126.34033,126.54474,126.75034
khm,Cambodia,114.82172,114.80085,114.83522,114.9195,115.04928,115.22012,115.41925,115.63887,115.86932,116.09895,116.32151,116.52562,116.71319,116.88547,117.04426,117.19102,117.32575,117.44281,117.54487,117.63255,117.7053,117.76074,117.80365,117.83695,117.85995,117.87901,117.89456,117.91007,117.92542,117.94019,117.95284,117.96692,117.97578,117.98,117.97942,117.97654,117.97392,117.97823,117.98042,117.9769,117.97109
kir,Kiribati,119.37068,119.39548,119.39886,119.38593,119.3638,119.33935,119.30534,119.26807,119.22906,119.19249,119.15805,119.13019,119.10491,119.08278,119.06497,119.04845,119.03268,119.02217,119.01625,119.017,119.02729,119.05919,119.10845,119.17381,119.25671,119.35607,119.46481,119.58596,119.72352,119.88027,120.05413,120.24549,120.45552,120.68052,120.91847,121.16264,121.40965,121.65774,121.90787,122.15524,122.4023
kna,St. Kitts and Nevis,125.46314,125.48316,125.49342,125.49552,125.49358,125.49073,125.47436,125.4487,125.41113,125.36394,125.31503,125.26319,125.20875,125.15404,125.1013,125.05474,125.01023,124.97362,124.94369,124.92265,124.91382,124.92079,124.94284,124.97778,125.02822,125.09315,125.17234,125.26741,125.37908,125.50201,125.6382,125.78743,125.9388,126.09271,126.24438,126.40076,126.55817,126.71177,126.86332,127.01158,127.15794
kor,South Korea,117.24782,117.48664,117.71196,117.92262,118.11835,118.30068,118.4712,118.63042,118.77863,118.91989,119.05063,119.17904,119.30667,119.42363,119.52269,119.59971,119.63123,119.62091,119.56785,119.46777,119.32109,119.12224,118.8798,118.59591,118.27441,117.91664,117.52989,117.11831,116.68662,116.23724,115.7755,115.31004,114.84301,114.38015,113.92384,113.47113,113.02171,112.57548,112.12916,111.68329,111.23913
kwt,Kuwait,134.19447,134.05448,133.91101,133.7644,133.61711,133.46508,133.29429,133.11101,132.90662,132.68113,132.43805,132.16683,131.87392,131.55472,131.21022,130.845,130.47283,130.09125,129.70117,129.30626,128.90681,128.49855,128.09029,127.68017,127.26579,126.84656,126.42174,125.99845,125.57892,125.16321,124.74833,124.33045,123.91644,123.50988,123.10184,122.68753,122.26392,121.83847,121.40871,120.97548,120.54348
lao,Lao,116.95563,117.16292,117.36557,117.56349,117.76117,117.95592,118.14796,118.33577,118.52081,118.70089,118.87608,119.05234,119.2291,119.40395,119.57655,119.74543,119.91232,120.07192,120.2232,120.36613,120.49837,120.62622,120.74923,120.8641,120.97087,121.06906,121.15709,121.23566,121.30273,121.35771,121.39992,121.42756,121.43673,121.43128,121.40669,121.36254,121.30209,121.22482,121.13311,121.03028,120.91722
lbn,Lebanon,130.25634,130.33256,130.38754,130.41813,130.42673,130.41509,130.37997,130.32327,130.2367,130.12494,129.98433,129.8097,129.60484,129.37516,129.11685,128.83081,128.51085,128.16889,127.81281,127.44922,127.07826,126.69682,126.31146,125.92648,125.54748,125.17336,124.80324,124.44593,124.09681,123.75862,123.42965,123.11332,122.80588,122.50163,122.19832,121.89063,121.57775,121.27173,120.96129,120.64714,120.33435
lbr,Liberia,126.28908,126.51064,126.72255,126.92596,127.12572,127.32051,127.51931,127.72207,127.92462,128.12501,128.32031,128.53595,128.76274,128.99659,129.22857,129.45166,129.58968,129.65702,129.66681,129.63433,129.57233,129.50419,129.43943,129.38456,129.34781,129.3296,129.3367,129.36423,129.3998,129.44291,129.48583,129.52249,129.54487,129.5506,129.53608,129.50452,129.45697,129.39444,129.32309,129.24348,129.15999
lby,Libya,132.39847,132.66123,132.86407,133.01538,133.12675,133.20474,133.24185,133.2493,133.23031,133.18695,133.12506,133.03054,132.90832,132.75796,132.58724,132.40314,132.20763,132.00987,131.81076,131.61766,131.43158,131.25385,131.08865,130.9374,130.80169,130.67526,130.56028,130.45282,130.34919,130.24455,130.1402,130.03484,129.92957,129.82316,129.7092,129.584,129.44889,129.3102,129.16977,129.02464,128.87597
lca,St. Lucia,123.11671,123.10444,123.09108,123.07553,123.06029,123.04565,123.03003,123.01382,122.99388,122.97231,122.95382,122.94005,122.93199,122.92928,122.9286,122.92932,122.92899,122.93007,122.93256,122.93581,122.94261,122.9516,122.96424,122.98465,123.01797,123.06397,123.1201,123.19464,123.29039,123.4117,123.56112,123.73156,123.91772,124.11943,124.33353,124.56196,124.79711,125.03774,125.27874,125.51847,125.75639
lka,Sri Lanka,118.98352,119.03984,119.08841,119.13315,119.166,119.19111,119.21682,119.24816,119.28776,119.33588,119.39725,119.47363,119.56271,119.6602,119.77005,119.88838,120.01439,120.14304,120.27283,120.40393,120.533,120.6597,120.78625,120.91314,121.043,121.17969,121.32097,121.47396,121.63762,121.81181,121.98938,122.17021,122.35051,122.52756,122.70214,122.87109,123.03719,123.20572,123.37464,123.54283,123.70916
lso,Lesotho,123.94803,124.17508,124.38396,124.58275,124.77164,124.95408,125.13259,125.30684,125.48249,125.65648,125.832,126.01888,126.21227,126.40098,126.58622,126.76378,126.93197,127.09216,127.2461,127.3933,127.53392,127.66515,127.79079,127.91572,128.04394,128.17155,128.30173,128.43693,128.57557,128.71365,128.84639,128.9742,129.09063,129.19438,129.28331,129.35682,129.41796,129.47224,129.51877,129.55963,129.59423
ltu,Lithuania,134.01697,134.09641,134.16119,134.21298,134.25053,134.27237,134.27117,134.24676,134.20013,134.12998,134.03701,133.92054,133.78383,133.62786,133.45472,133.26285,133.04322,132.80127,132.53625,132.26131,131.97414,131.67615,131.36338,131.0448,130.72914,130.42095,130.12032,129.83411,129.56218,129.30506,129.06234,128.82942,128.60961,128.40114,128.19832,128.00691,127.82131,127.63568,127.45403,127.27358,127.09445
lux,Luxembourg,130.17007,129.99338,129.81359,129.62866,129.43892,129.24558,129.04451,128.83162,128.60738,128.37875,128.15348,127.93389,127.72449,127.52334,127.32606,127.13111,126.93791,126.74282,126.53858,126.31996,126.08059,125.81975,125.5382,125.24828,124.95161,124.65263,124.35565,124.06381,123.77724,123.49569,123.21296,122.93156,122.64804,122.36434,122.07909,121.79127,121.49955,121.20326,120.90305,120.59689,120.28592
lva,Latvia,133.33426,133.2539,133.16157,133.05871,132.94904,132.83185,132.69973,132.55277,132.39203,132.21493,132.02233,131.81148,131.58965,131.35787,131.11506,130.85994,130.5898,130.30911,130.01995,129.72924,129.43396,129.13113,128.82428,128.51834,128.22099,127.93149,127.65159,127.38382,127.12899,126.88859,126.66094,126.44457,126.24126,126.05676,125.88554,125.73189,125.5924,125.45005,125.30934,125.1703,125.03163
mar,Morocco,126.83258,126.92688,127.01808,127.10485,127.18737,127.26531,127.33541,127.3981,127.45153,127.49925,127.53886,127.56748,127.58837,127.5966,127.58658,127.55998,127.51424,127.45961,127.39773,127.33184,127.26462,127.18473,127.09692,127.00455,126.90781,126.80491,126.69409,126.57395,126.44624,126.30839,126.16205,126.00394,125.84163,125.68053,125.51567,125.34307,125.1639,124.97546,124.78411,124.58274,124.37413
mda,Moldova,129.48822,129.52969,129.56246,129.58811,129.61035,129.62738,129.63812,129.64291,129.63596,129.61781,129.58894,129.54244,129.48413,129.41304,129.33433,129.24718,129.14533,129.03408,128.91222,128.79739,128.69213,128.60413,128.52996,128.47433,128.43977,128.42758,128.43478,128.46323,128.5082,128.57162,128.64972,128.73902,128.84316,128.95408,129.07184,129.19885,129.32981,129.4685,129.60607,129.74331,129.87939
mdg,Madagascar,123.53135,123.68476,123.83577,123.9874,124.13987,124.29306,124.44581,124.60314,124.76418,124.92792,125.0955,125.27125,125.45409,125.64085,125.83119,126.02209,126.20515,126.38491,126.56023,126.73048,126.89192,127.04565,127.19349,127.33963,127.48748,127.63825,127.79124,127.94929,128.1111,128.27405,128.437,128.5981,128.75189,128.89332,129.02153,129.1338,129.23127,129.31691,129.39407,129.46484,129.52617
mdv,Maldives,117.80902,118.03192,118.25309,118.47181,118.68345,118.88459,119.06752,119.23889,119.40585,119.56947,119.73335,119.88982,120.03904,120.18638,120.32209,120.45934,120.59561,120.7399,120.89025,121.05289,121.21605,121.38952,121.57705,121.77746,121.99632,122.22982,122.48126,122.7508,123.02649,123.2986,123.57349,123.83573,124.08474,124.31638,124.53968,124.75603,124.96142,125.14263,125.31102,125.4631,125.6027
mex,Mexico,127.65985,127.5355,127.40067,127.25543,127.10199,126.93471,126.75032,126.5536,126.34464,126.13282,125.91499,125.69301,125.46904,125.24549,125.02524,124.80513,124.58036,124.35472,124.12663,123.89482,123.66328,123.43634,123.21611,123.0048,122.81062,122.63569,122.47691,122.34187,122.23451,122.1604,122.12733,122.14328,122.19684,122.27811,122.38044,122.49558,122.61473,122.73103,122.84519,122.95568,123.06321
mhl,Marshall Islands,124.56456,124.40519,124.17696,123.89634,123.5777,123.23213,122.89812,122.58054,122.27625,121.98924,121.71984,121.47077,121.23495,121.00791,120.79232,120.58791,120.38841,120.19506,120.00903,119.83686,119.67679,119.52805,119.39428,119.27689,119.18183,119.1112,119.06369,119.0435,119.05137,119.08501,119.1431,119.22352,119.32454,119.44018,119.56543,119.69715,119.83086,119.96373,120.09698,120.22815,120.35951
mkd,North Macedonia,131.10616,131.0948,131.06421,131.02411,130.97271,130.91183,130.84298,130.76469,130.67792,130.57882,130.47297,130.35642,130.23425,130.10317,129.96103,129.80852,129.64287,129.46843,129.28358,129.09247,128.89488,128.68771,128.47752,128.27133,128.06644,127.86652,127.67945,127.51434,127.35922,127.2161,127.08265,126.95711,126.83597,126.71451,126.58704,126.45727,126.32373,126.19081,126.05648,125.92109,125.78822
mli,Mali,122.34868,122.5526,122.75631,122.96145,123.17163,123.38498,123.59834,123.81327,124.02906,124.24025,124.44198,124.63819,124.82906,125.01159,125.18702,125.35556,125.512,125.65802,125.79288,125.91738,126.03318,126.14353,126.2456,126.3416,126.43571,126.53223,126.62835,126.72428,126.81376,126.89599,126.9683,127.03019,127.07326,127.1,127.10431,127.08808,127.05259,127.00358,126.94222,126.87067,126.7854
mlt,Malta,135.83552,135.47213,135.10929,134.75028,134.39302,134.03289,133.66782,133.29261,132.90205,132.49432,132.0729,131.64741,131.21828,130.78844,130.36031,129.92431,129.48695,129.04882,128.6053,128.16191,127.71726,127.27403,126.83527,126.3991,125.96427,125.53388,125.10679,124.68208,124.25731,123.83286,123.40298,122.96972,122.53262,122.09062,121.64146,121.18858,120.73553,120.28241,119.82882,119.37185,118.91248
mmr,Myanmar,119.54758,119.6264,119.6964,119.75812,119.81492,119.87237,119.92731,119.97894,120.03114,120.07801,120.12475,120.17556,120.23117,120.29539,120.36872,120.44666,120.53069,120.61857,120.70928,120.80281,120.89427,120.98569,121.08038,121.17655,121.27535,121.38023,121.48944,121.6069,121.72818,121.85673,121.98941,122.12482,122.25917,122.38868,122.51178,122.62772,122.73708,122.84381,122.94492,123.03866,123.12984
mne,Montenegro,127.7117,127.81088,127.90397,127.99291,128.07737,128.1546,128.22768,128.2942,128.35113,128.39658,128.43113,128.4499,128.458,128.45313,128.43233,128.39557,128.34148,128.27391,128.18891,128.09282,127.98916,127.87919,127.7659,127.65266,127.54309,127.44015,127.33706,127.23446,127.12693,127.01334,126.89336,126.76319,126.62392,126.47154,126.30507,126.13441,125.96201,125.78551,125.60861,125.43171,125.25429
mng,Mongolia,127.99713,127.9828,127.96589,127.94536,127.91943,127.88487,127.84154,127.79131,127.73577,127.67568,127.6116,127.54085,127.46566,127.38542,127.3041,127.22195,127.13754,127.04978,126.96381,126.88141,126.80584,126.73822,126.67827,126.63022,126.5974,126.5811,126.58094,126.59476,126.62004,126.64928,126.67606,126.69512,126.70687,126.71103,126.70921,126.69262,126.66417,126.62551,126.58099,126.53027,126.47368
moz,Mozambique,123.6465,123.89997,124.15763,124.41778,124.68053,124.94601,125.21846,125.49805,125.77919,126.06143,126.34866,126.64578,126.94439,127.24455,127.54367,127.83905,128.11477,128.37556,128.62409,128.86112,129.08522,129.29637,129.49759,129.69643,129.89768,130.1031,130.31022,130.5174,130.72277,130.92424,131.12015,131.30211,131.46868,131.61703,131.75189,131.87266,131.97983,132.07618,132.16974,132.25993,132.34521
mrt,Mauritania,124.3893,124.73625,125.07493,125.40643,125.72967,126.04293,126.34886,126.64611,126.93021,127.20348,127.46976,127.72603,127.96749,128.19538,128.40925,128.60238,128.76872,128.9108,129.02809,129.12177,129.19521,129.24699,129.28508,129.31092,129.33009,129.34577,129.35752,129.36434,129.36474,129.35183,129.32387,129.28098,129.21194,129.11743,128.99924,128.8573,128.69529,128.51803,128.32948,128.13016,127.92023
mus,Mauritius,125.16285,125.0614,124.93805,124.79277,124.63854,124.47718,124.31561,124.15808,124.00671,123.86274,123.72931,123.62031,123.53029,123.46217,123.41544,123.38684,123.36792,123.36062,123.36732,123.38451,123.41116,123.44493,123.48939,123.54877,123.62844,123.72908,123.8496,123.98914,124.14817,124.32495,124.51633,124.71408,124.91575,125.1174,125.31687,125.51234,125.70191,125.88867,126.07456,126.26249,126.45043
mwi,Malawi,122.99924,123.16476,123.32872,123.49149,123.6532,123.81562,123.97738,124.14292,124.31037,124.48491,124.6663,124.86214,125.07139,125.28885,125.5184,125.7512,125.9879,126.2293,126.47405,126.72291,126.97175,127.21741,127.4641,127.71526,127.97164,128.23694,128.50693,128.78598,129.07339,129.37076,129.67329,129.97807,130.28226,130.58014,130.87269,131.15302,131.42272,131.68681,131.94636,132.20374,132.45531
mys,Malaysia,123.52362,123.6201,123.71103,123.79678,123.87692,123.95013,124.01393,124.0681,124.11508,124.15457,124.19105,124.22542,124.26135,124.29847,124.3354,124.38081,124.44011,124.51041,124.58708,124.6695,124.75643,124.84682,124.94219,125.04119,125.14221,125.24484,125.34619,125.45034,125.55579,125.66309,125.76936,125.87176,125.95993,126.03555,126.09851,126.14949,126.18983,126.22078,126.24417,126.25882,126.26675
nam,Namibia,124.70699,124.94477,125.17466,125.40185,125.62606,125.8468,126.06342,126.27483,126.48089,126.68013,126.87414,127.06402,127.24469,127.41167,127.5673,127.70616,127.82677,127.93071,128.01764,128.08839,128.13856,128.16979,128.18744,128.19434,128.19036,128.17481,128.14509,128.10231,128.03963,127.95205,127.83953,127.69796,127.52807,127.32559,127.09315,126.83481,126.554,126.25766,125.94681,125.62759,125.29684
ner,Niger,125.75645,126.01436,126.26746,126.50985,126.74386,126.97506,127.20361,127.42891,127.65324,127.88145,128.12011,128.3619,128.60785,128.85386,129.09811,129.34399,129.58783,129.82934,130.06837,130.30177,130.52771,130.74436,130.96354,131.17866,131.39103,131.60142,131.80534,132.00574,132.19888,132.38666,132.56508,132.72888,132.87363,132.9966,133.09918,133.18146,133.24465,133.29796,133.34231,133.37974,133.41434
nga,Nigeria,121.8703,122.20129,122.53123,122.85754,123.18265,123.50463,123.82795,124.15128,124.47128,124.78313,125.08531,125.37922,125.66265,125.93385,126.18309,126.41122,126.60698,126.76903,126.89393,126.98117,127.02936,127.03535,127.00559,126.94211,126.84895,126.72743,126.57998,126.40781,126.2128,125.99033,125.7411,125.46297,125.1528,124.81303,124.446,124.05402,123.64295,123.21154,122.7682,122.31193,121.84519
nic,Nicaragua,124.73642,124.70538,124.6608,124.6103,124.55447,124.48952,124.41311,124.33488,124.25457,124.16695,124.08252,124.00053,123.92196,123.8389,123.75563,123.6703,123.57922,123.48183,123.3838,123.28357,123.18237,123.08312,122.98577,122.89313,122.80606,122.72888,122.65831,122.59714,122.54792,122.51067,122.48534,122.47206,122.46638,122.46354,122.46443,122.46911,122.47332,122.47666,122.47648,122.47245,122.46456
nld,Netherlands,126.99897,126.81762,126.63219,126.44606,126.2578,126.07094,125.89095,125.71593,125.54798,125.38718,125.24022,125.11546,125.01234,124.92285,124.84346,124.76883,124.70397,124.64175,124.58203,124.51558,124.43891,124.35197,124.25436,124.1444,124.02228,123.88982,123.75154,123.60645,123.44919,123.27657,123.08543,122.87721,122.6499,122.40376,122.14376,121.88153,121.61412,121.33091,121.03953,120.73869,120.43076
nor,Norway,132.58744,132.40293,132.20203,131.99431,131.77988,131.5628,131.33572,131.09573,130.84901,130.59978,130.35556,130.1229,129.90534,129.69734,129.49657,129.2946,129.09424,128.89291,128.67844,128.44944,128.19858,127.92988,127.64605,127.35066,127.04311,126.73099,126.41296,126.09409,125.77053,125.43723,125.09317,124.74959,124.40033,124.04838,123.69597,123.33945,122.98295,122.62629,122.26816,121.90732,121.54475
npl,Nepal,117.53615,117.69466,117.85549,118.01706,118.18341,118.35031,118.51903,118.689,118.85699,119.02384,119.19313,119.36399,119.53561,119.71044,119.88455,120.05666,120.22667,120.39528,120.56231,120.72902,120.89169,121.05564,121.22235,121.39739,121.57724,121.76075,121.95094,122.14825,122.35273,122.5616,122.7706,122.98448,123.20383,123.42964,123.65525,123.88231,124.11006,124.34306,124.57179,124.79607,125.01731
nru,Nauru,135.00003,134.37472,133.74999,133.12818,132.51322,131.90878,131.31724,130.74358,130.18757,129.64743,129.12385,128.61536,128.11852,127.63241,127.1609,126.70502,126.26701,125.84968,125.45188,125.07938,124.73615,124.41645,124.12051,123.84556,123.59253,123.36196,123.15376,122.97021,122.80988,122.66725,122.54251,122.43805,122.3575,122.29109,122.2356,122.18748,122.14308,122.0977,122.05383,122.0111,121.96815
nzl,New Zealand,126.84781,126.58628,126.31565,126.04041,125.76105,125.48366,125.20949,124.93735,124.67061,124.41068,124.1571,123.91863,123.69582,123.48263,123.27979,123.07999,122.87962,122.67311,122.45667,122.22188,121.97446,121.71604,121.45417,121.18719,120.91981,120.65098,120.3778,120.10668,119.8381,119.57303,119.31229,119.05963,118.81359,118.57428,118.33615,118.09457,117.86011,117.62272,117.38299,117.14282,116.9026
omn,Oman,126.2478,126.52132,126.78048,127.02509,127.25625,127.47359,127.67261,127.85239,128.01382,128.15159,128.2669,128.35703,128.4234,128.46624,128.48114,128.47031,128.42281,128.34254,128.2341,128.10341,127.95492,127.77488,127.57335,127.35285,127.11824,126.87175,126.6201,126.36499,126.10447,125.83952,125.56996,125.2956,125.01987,124.74595,124.46664,124.1793,123.88079,123.57856,123.27019,122.95465,122.63557
pak,Pakistan,121.92723,121.98163,122.03175,122.08139,122.12728,122.17229,122.21702,122.26107,122.30473,122.34867,122.39838,122.45467,122.51467,122.58104,122.65407,122.73265,122.82004,122.91755,123.0264,123.14564,123.26938,123.39549,123.52868,123.67155,123.82456,123.98743,124.15889,124.34235,124.53866,124.74509,124.95764,125.17882,125.40532,125.63676,125.87195,126.11,126.34761,126.58486,126.81989,127.04991,127.27411
pan,Panama,124.16251,124.08849,124.00797,123.92272,123.83181,123.73785,123.64528,123.5543,123.46336,123.36766,123.27397,123.18334,123.08942,122.99402,122.89565,122.79231,122.69309,122.59727,122.50595,122.41618,122.3224,122.22604,122.12983,122.03731,121.95056,121.86704,121.78776,121.71474,121.65082,121.59862,121.56758,121.557,121.56125,121.57412,121.5927,121.61642,121.64209,121.66793,121.69349,121.71618,121.73416
per,Peru,122.60599,122.46052,122.2965,122.12109,121.93354,121.73868,121.53082,121.31459,121.09011,120.85733,120.6199,120.37725,120.12606,119.86644,119.59818,119.32417,119.04539,118.76425,118.47791,118.19075,117.90408,117.61985,117.3401,117.06488,116.8035,116.558,116.33307,116.12883,115.95556,115.81571,115.71116,115.64638,115.61183,115.60106,115.61382,115.64232,115.68459,115.74429,115.81034,115.87476,115.93291
phl,Philippines,118.35102,118.28704,118.21353,118.13172,118.04447,117.94978,117.86734,117.79741,117.73865,117.68911,117.64847,117.61728,117.59317,117.57612,117.56291,117.54852,117.51942,117.4765,117.42552,117.3698,117.31196,117.25893,117.2175,117.1918,117.18569,117.20494,117.25029,117.32644,117.43495,117.57318,117.73466,117.91879,118.11592,118.32307,118.54015,118.76294,118.99072,119.22831,119.46875,119.71132,119.96103
plw,Palau,131.17695,130.8572,130.53197,130.20479,129.88195,129.56561,129.27195,129.00295,128.75507,128.52678,128.31753,128.11287,127.91407,127.72079,127.53752,127.36662,127.20933,127.07064,126.95073,126.85544,126.78423,126.72992,126.6992,126.69403,126.71758,126.77485,126.87515,127.01876,127.19755,127.40976,127.64921,127.91399,128.20061,128.50157,128.81073,129.12061,129.43219,129.74022,130.04425,130.33572,130.61915
png,Papua New Guinea,112.9705,113.29227,113.60123,113.90052,114.19214,114.48214,114.77534,115.07442,115.38262,115.70417,116.03678,116.3789,116.72394,117.06746,117.40916,117.74859,118.07601,118.39758,118.70906,119.01153,119.30662,119.59604,119.87787,120.15081,120.42149,120.69178,120.96391,121.23796,121.51889,121.8052,122.0939,122.38736,122.68812,122.99411,123.3042,123.61779,123.92916,124.23946,124.54992,124.85831,125.16808
pol,Poland,132.53655,132.45847,132.37233,132.27927,132.176,132.06328,131.9341,131.78842,131.62788,131.4479,131.25181,131.04217,130.83192,130.61251,130.38528,130.1494,129.89971,129.63974,129.36513,129.08526,128.799,128.50966,128.21991,127.93487,127.65573,127.38401,127.11835,126.85988,126.6062,126.35666,126.10509,125.84629,125.57914,125.3034,125.02061,124.73476,124.44434,124.15801,123.87191,123.58677,123.3024
prk,North Korea,126.5344,126.5045,126.43896,126.34727,126.23605,126.10996,125.97915,125.84602,125.70861,125.56661,125.42177,125.2788,125.13903,125.00227,124.86694,124.72941,124.59153,124.45268,124.31357,124.17284,124.0302,123.8901,123.75389,123.6256,123.50195,123.38511,123.27348,123.17064,123.07878,123.00169,122.93606,122.88223,122.8394,122.8023,122.77237,122.74398,122.71864,122.69849,122.68302,122.66584,122.64954
prt,Portugal,128.2312,128.36022,128.48444,128.60495,128.72095,128.8295,128.93177,129.02263,129.09695,129.15453,129.18836,129.19887,129.18161,129.14149,129.07155,128.96903,128.8378,128.68049,128.49453,128.28229,128.04121,127.77454,127.48502,127.17195,126.8348,126.47332,126.08519,125.67315,125.23277,124.76297,124.26378,123.7375,123.18951,122.62076,122.02862,121.42056,120.80308,120.17702,119.54746,118.91261,118.2731
pry,Paraguay,122.78392,122.75518,122.72614,122.69828,122.67327,122.6476,122.63514,122.63362,122.64099,122.65683,122.6742,122.69984,122.72833,122.75358,122.77376,122.79058,122.79833,122.79775,122.78941,122.76972,122.74312,122.70917,122.67234,122.63616,122.60419,122.57362,122.54159,122.51276,122.48691,122.46503,122.45151,122.44853,122.44965,122.45767,122.47071,122.48999,122.51432,122.53238,122.55148,122.56731,122.57759
pse,Palestine,127.8868,127.8983,127.88547,127.85403,127.80549,127.74292,127.66302,127.57317,127.47008,127.3549,127.23055,127.09834,126.95907,126.81217,126.65557,126.48735,126.30768,126.11968,125.9249,125.7245,125.52262,125.31509,125.11,124.90792,124.71082,124.51025,124.30497,124.09715,123.888,123.66927,123.44349,123.21095,122.97265,122.73254,122.49173,122.24815,122.00198,121.75124,121.49945,121.24643,120.99146
qat,Qatar,133.62833,133.3986,133.16101,132.91984,132.67812,132.43703,132.19212,131.94646,131.69566,131.43866,131.1762,130.91753,130.65951,130.39668,130.12327,129.83907,129.54164,129.22796,128.89935,128.56107,128.21023,127.84152,127.46094,127.07116,126.67127,126.25717,125.83236,125.39685,124.95054,124.4887,124.01024,123.51321,123.004,122.48777,121.96433,121.43137,120.8883,120.34291,119.79537,119.24636,118.69674
rou,Romania,129.22456,129.14493,129.05963,128.97021,128.8751,128.77805,128.67689,128.56665,128.44705,128.31493,128.17387,128.02664,127.88441,127.73811,127.59015,127.44045,127.2838,127.12517,126.96133,126.80139,126.6526,126.50837,126.38224,126.28022,126.20212,126.14657,126.11051,126.09466,126.09292,126.10444,126.12053,126.13193,126.14318,126.152,126.15511,126.15832,126.15917,126.15213,126.14366,126.13438,126.12152
rus,Russia,131.54118,131.59357,131.63214,131.65939,131.68036,131.69297,131.68922,131.66708,131.6274,131.56208,131.47011,131.34518,131.19403,131.0187,130.81879,130.58983,130.33138,130.04565,129.73691,129.42645,129.11304,128.79312,128.47065,128.14975,127.8311,127.5135,127.19772,126.88444,126.57348,126.2604,125.94391,125.62329,125.30056,124.97719,124.65485,124.3341,124.01264,123.68625,123.35286,123.01727,122.68089
rwa,Rwanda,118.79897,118.99853,119.20063,119.40043,119.60204,119.80871,120.01671,120.22521,120.43641,120.65113,120.86684,121.09027,121.31923,121.5571,121.79757,122.04524,122.31001,122.58666,122.87073,123.1545,123.42498,123.68325,123.92736,124.15668,124.37431,124.58398,124.78995,124.98449,125.17134,125.35056,125.51978,125.67464,125.81205,125.93081,126.02575,126.09928,126.15187,126.19483,126.22769,126.2525,126.26478
sau,Saudi Arabia,127.76219,127.96277,128.13012,128.26454,128.3722,128.46061,128.52121,128.55751,128.5681,128.55739,128.53275,128.48452,128.41346,128.31375,128.18449,128.02788,127.84276,127.63136,127.39776,127.14767,126.88181,126.60299,126.31364,126.01828,125.71904,125.41392,125.10118,124.77896,124.4438,124.09187,123.71944,123.3275,122.92265,122.5103,122.09182,121.66385,121.22365,120.77818,120.32844,119.87603,119.42044
sdn,Sudan,122.56753,122.69122,122.80161,122.89912,122.9911,123.07986,123.17711,123.28542,123.40113,123.525,123.65582,123.8039,123.96962,124.14569,124.33072,124.51534,124.6873,124.848,124.99598,125.13478,125.26018,125.36875,125.46526,125.5562,125.64626,125.73798,125.83556,125.94043,126.04926,126.16502,126.28514,126.40831,126.53246,126.65055,126.76633,126.87571,126.97957,127.07686,127.17337,127.26816,127.35701
sen,Senegal,126.50632,126.7142,126.91073,127.09215,127.2623,127.42022,127.56644,127.70719,127.83787,127.9627,128.0761,128.18112,128.28528,128.39127,128.49623,128.59985,128.69296,128.78094,128.85916,128.92904,128.99046,129.04092,129.07848,129.1113,129.1375,129.1643,129.18953,129.21844,129.24388,129.26795,129.28434,129.29011,129.28028,129.24917,129.19877,129.13084,129.04689,128.95312,128.85295,128.74679,128.63527
sgp,Singapore,128.33374,128.00129,127.66693,127.33067,126.99435,126.65889,126.32726,126.00391,125.68946,125.38543,125.09277,124.81536,124.55017,124.29288,124.04113,123.79149,123.53994,123.28769,123.03339,122.7698,122.49283,122.20736,121.91122,121.60968,121.3043,120.99568,120.68275,120.36882,120.05579,119.74106,119.42825,119.10633,118.77177,118.42528,118.06606,117.69369,117.3106,116.92201,116.52748,116.13316,115.74042
slb,Solomon Islands,116.88123,117.02617,117.17364,117.32212,117.46685,117.61543,117.76706,117.9266,118.09255,118.26439,118.44002,118.62039,118.80185,118.98569,119.16802,119.3495,119.5278,119.70466,119.87758,120.04996,120.21916,120.39234,120.56824,120.74929,120.93659,121.12953,121.33001,121.54016,121.76,121.9928,122.23466,122.48593,122.75097,123.02695,123.31007,123.59896,123.88381,124.16385,124.44132,124.71261,124.97947
sle,Sierra Leone,126.7341,127.02382,127.29883,127.5585,127.80568,128.04071,128.26563,128.4829,128.69203,128.89512,129.09276,129.28804,129.47712,129.66362,129.84044,130.0096,130.16612,130.31493,130.44906,130.56929,130.67511,130.75781,130.82572,130.88015,130.92481,130.9624,130.99471,131.02245,131.04274,131.05574,131.05998,131.0535,131.02858,130.98389,130.91771,130.83119,130.72584,130.60924,130.48387,130.35186,130.21338
slv,El Salvador,121.64202,121.57706,121.51507,121.45143,121.3888,121.3224,121.25178,121.18007,121.10447,121.02039,120.93395,120.84615,120.7536,120.65484,120.55122,120.43944,120.32463,120.20743,120.08649,119.96336,119.83969,119.72176,119.60549,119.49206,119.38326,119.27766,119.1727,119.06766,118.97014,118.88751,118.82289,118.7768,118.74678,118.72038,118.7026,118.69646,118.6956,118.68821,118.67704,118.65754,118.6364
som,Somalia,124.36981,124.49746,124.61595,124.7239,124.82446,124.91985,125.00971,125.09759,125.1857,125.27476,125.36684,125.46539,125.57126,125.6861,125.8109,125.9418,126.07342,126.20367,126.33541,126.46941,126.60399,126.73743,126.8724,127.01075,127.15603,127.30756,127.46459,127.62966,127.80011,127.97506,128.15047,128.32026,128.48542,128.63688,128.77673,128.90659,129.02704,129.13812,129.24397,129.3437,129.43418
srb,Serbia,130.59374,130.66798,130.7274,130.7792,130.82328,130.85659,130.87827,130.88706,130.88073,130.8603,130.82807,130.77857,130.7176,130.64218,130.54869,130.43591,130.30123,130.14832,129.97635,129.79057,129.59517,129.39209,129.18523,128.98482,128.7928,128.61418,128.44379,128.28348,128.12513,127.96936,127.81782,127.65994,127.49861,127.3299,127.15338,126.97764,126.79958,126.61501,126.42878,126.24388,126.05786
stp,Sao Tome and Principe,128.65341,128.832,128.98685,129.12544,129.25294,129.37154,129.49577,129.62933,129.76961,129.91282,130.06136,130.22253,130.3923,130.57204,130.75345,130.93404,131.10075,131.25293,131.38699,131.50708,131.61559,131.71164,131.79191,131.86018,131.92418,131.98725,132.04661,132.10238,132.15252,132.19534,132.22639,132.23989,132.23219,132.19914,132.13906,132.05481,131.94959,131.82127,131.68233,131.53549,131.37829
sur,Suriname,126.06449,126.15411,126.26616,126.38957,126.51888,126.64642,126.70817,126.71331,126.66914,126.58014,126.4582,126.31403,126.14682,125.96354,125.77349,125.58084,125.38473,125.18864,124.99043,124.79321,124.60121,124.41818,124.24405,124.07956,123.92527,123.78379,123.65472,123.54178,123.44354,123.35905,123.28849,123.2349,123.18902,123.14631,123.10283,123.05986,123.01668,122.97711,122.93727,122.89429,122.85054
svk,Slovak Republic,127.74533,127.80851,127.86173,127.90596,127.93911,127.95919,127.95377,127.92054,127.86424,127.78572,127.68468,127.56136,127.42259,127.26673,127.09379,126.90383,126.69295,126.46163,126.21234,125.94492,125.66528,125.37836,125.08812,124.79651,124.50777,124.22596,123.94978,123.68197,123.4219,123.16797,122.91344,122.65581,122.3906,122.11825,121.83671,121.55188,121.26399,120.977,120.69488,120.41514,120.13743
svn,Slovenia,130.62923,130.68227,130.72635,130.76462,130.79615,130.81736,130.80925,130.77511,130.715,130.63433,130.5344,130.41443,130.28348,130.14073,129.98779,129.82595,129.6551,129.47624,129.2929,129.10793,128.92245,128.73714,128.55988,128.38865,128.22746,128.0781,127.94589,127.82849,127.72608,127.63659,127.55501,127.4784,127.41046,127.34977,127.29467,127.2447,127.19559,127.14319,127.09368,127.04721,127.00227
swe,Sweden,128.41939,128.21128,127.99061,127.76401,127.53002,127.29361,127.05979,126.82873,126.6034,126.38671,126.18215,125.99914,125.84067,125.70329,125.5839,125.47196,125.3664,125.26171,125.14748,125.01527,124.85919,124.67812,124.47415,124.24931,124.00407,123.74082,123.46027,123.17255,122.86625,122.53351,122.17668,121.79606,121.39205,120.97018,120.53158,120.07963,119.62086,119.15554,118.68544,118.21381,117.74212
swz,Eswatini,123.77282,124.0575,124.33359,124.59949,124.85742,125.10565,125.34592,125.58103,125.81337,126.03595,126.24778,126.43696,126.60555,126.75345,126.88247,126.99262,127.08038,127.15244,127.21273,127.26706,127.31633,127.36179,127.40817,127.4561,127.51078,127.57295,127.6401,127.71225,127.78973,127.86284,127.93383,128.00945,128.08626,128.16476,128.24325,128.321,128.40082,128.47352,128.54893,128.62378,128.69821
syc,Seychelles,126.85554,127.00579,127.12386,127.21315,127.27782,127.32297,127.33825,127.32255,127.28232,127.22749,127.16062,127.08818,127.0118,126.93362,126.85075,126.76465,126.67231,126.57696,126.4768,126.36815,126.25424,126.13672,126.02007,125.90798,125.80178,125.70736,125.6319,125.57832,125.5455,125.52832,125.52525,125.53321,125.54755,125.56587,125.58485,125.59928,125.60881,125.61336,125.61855,125.62338,125.62265
syr,Syria,128.70407,128.75683,128.79658,128.82524,128.84981,128.86922,128.88029,128.88606,128.88689,128.88495,128.87924,128.8707,128.86193,128.84969,128.83468,128.81687,128.78883,128.7529,128.70903,128.65642,128.59607,128.52088,128.43788,128.34143,128.22984,128.10028,127.95739,127.79683,127.61601,127.41808,127.20464,126.98356,126.76354,126.54268,126.32393,126.10392,125.87421,125.63637,125.39435,125.14625,124.89503
tcd,Chad,123.48248,123.78257,124.07585,124.359,124.63208,124.90053,125.1491,125.38241,125.59857,125.80208,125.99888,126.19478,126.38737,126.57699,126.76242,126.94599,127.12658,127.30431,127.47698,127.64346,127.80319,127.95256,128.09572,128.23224,128.36682,128.49998,128.62837,128.75574,128.87937,128.99733,129.10474,129.20252,129.28457,129.35068,129.39809,129.43129,129.45175,129.46134,129.4677,129.46933,129.46733
tgo,Togo,123.83412,124.05,124.25192,124.44276,124.62577,124.80343,124.97893,125.15274,125.32101,125.48203,125.63966,125.79422,125.94268,126.08939,126.2304,126.36341,126.48946,126.60927,126.71885,126.81555,126.90103,126.97007,127.02754,127.07829,127.12208,127.16115,127.19541,127.22256,127.24289,127.2524,127.24558,127.2258,127.18638,127.11853,127.02798,126.91493,126.7846,126.64476,126.49609,126.33791,126.17282
tha,Thailand,117.15773,117.20693,117.25645,117.30862,117.35911,117.40484,117.43728,117.4629,117.48574,117.50507,117.52506,117.55056,117.58345,117.62417,117.67024,117.72642,117.79407,117.8711,117.95345,118.04214,118.13403,118.22967,118.33034,118.43622,118.54897,118.67249,118.81157,118.96338,119.12442,119.29259,119.4597,119.62332,119.7763,119.91682,120.04585,120.16047,120.26194,120.35201,120.42963,120.49448,120.54757
tjk,Tajikistan,126.11269,126.02807,125.93882,125.85085,125.76255,125.6751,125.59295,125.51727,125.44652,125.38125,125.31953,125.2591,125.2023,125.15228,125.10993,125.07308,125.04057,125.01211,124.98947,124.97398,124.9694,124.97711,125.0002,125.04004,125.09546,125.16723,125.25688,125.3655,125.48971,125.62016,125.75751,125.8982,126.04215,126.18972,126.34203,126.49409,126.64507,126.79919,126.95513,127.10989,127.2671
tkm,Turkmenistan,128.47099,128.34323,128.21263,128.07992,127.94564,127.81242,127.67672,127.5396,127.40707,127.2771,127.15239,127.03297,126.92062,126.8153,126.71803,126.6306,126.55196,126.48507,126.42435,126.3721,126.32553,126.29145,126.27125,126.2622,126.26672,126.28311,126.31284,126.3553,126.41027,126.47354,126.54413,126.6178,126.69396,126.7749,126.86127,126.9533,127.04474,127.13425,127.2235,127.31229,127.39959
tls,Timor-Leste,119.00691,119.15732,119.30686,119.45847,119.61094,119.76325,119.91512,120.06937,120.2258,120.38247,120.54288,120.70757,120.87593,121.04457,121.21404,121.38165,121.5448,121.70029,121.84842,121.99042,122.12127,122.24537,122.36731,122.49075,122.61551,122.74774,122.88458,123.02828,123.17667,123.32919,123.4844,123.63777,123.78413,123.92106,124.04898,124.17207,124.28613,124.39117,124.48925,124.57965,124.66388
ton,Tonga,122.8157,122.69497,122.57668,122.4608,122.35407,122.25779,122.17179,122.09899,122.03497,121.98448,121.94739,121.92115,121.90281,121.89544,121.90188,121.91993,121.95126,121.99715,122.05836,122.13845,122.23851,122.35639,122.4951,122.65605,122.83962,123.04578,123.27521,123.52888,123.8084,124.11373,124.44329,124.7951,125.16825,125.55792,125.95826,126.36603,126.77737,127.18623,127.59531,128.00356,128.41026
tto,Trinidad and Tobago,118.21736,118.20619,118.20053,118.19892,118.20102,118.20342,118.20379,118.2011,118.19477,118.1899,118.18729,118.19272,118.20456,118.22433,118.25478,118.29364,118.34568,118.41142,118.48683,118.57103,118.66336,118.76477,118.87586,118.99685,119.13196,119.28133,119.44395,119.62317,119.82322,120.04693,120.2906,120.55039,120.82341,121.10538,121.39551,121.69067,121.9893,122.29184,122.59639,122.90135,123.20912
tun,Tunisia,129.3662,129.45768,129.53652,129.60294,129.65703,129.69562,129.72007,129.73247,129.72968,129.70996,129.67292,129.62238,129.55711,129.4766,129.37676,129.24805,129.09055,128.9071,128.69689,128.46839,128.22643,127.9646,127.68621,127.39411,127.09051,126.77931,126.46784,126.15639,125.8452,125.52782,125.21188,124.89615,124.58557,124.28007,123.97816,123.67222,123.35923,123.04592,122.7322,122.41698,122.09999
tur,Turkey,124.83974,125.07776,125.3005,125.51237,125.71514,125.90771,126.1205,126.35032,126.5895,126.83017,127.06285,127.27788,127.47156,127.635,127.75806,127.83652,127.85406,127.82107,127.74464,127.63259,127.48498,127.29969,127.0799,126.82674,126.53739,126.20577,125.83455,125.42633,124.98082,124.49407,123.9643,123.40143,122.82338,122.2357,121.64074,121.03816,120.43275,119.82624,119.21711,118.60284,117.98346
tuv,Tuvalu,127.74925,127.4889,127.22301,126.95767,126.69445,126.43656,126.18798,125.95395,125.73257,125.52581,125.33427,125.16678,125.01834,124.88593,124.77163,124.67566,124.58719,124.50959,124.44056,124.38675,124.34802,124.32213,124.31004,124.31436,124.33841,124.38306,124.44946,124.54002,124.65138,124.78352,124.93157,125.09426,125.27178,125.45697,125.64288,125.8276,126.00694,126.17854,126.34107,126.49165,126.63255
tza,Tanzania,121.3766,121.56749,121.75523,121.93504,122.10904,122.28159,122.44649,122.60653,122.76649,122.92768,123.09493,123.27486,123.46825,123.67697,123.90134,124.13924,124.38656,124.63839,124.89697,125.16045,125.42268,125.68492,125.9455,126.2062,126.47767,126.75875,127.05537,127.36164,127.68018,128.00912,128.34183,128.67374,129.00165,129.32025,129.62861,129.92328,130.20224,130.46085,130.70583,130.9386,131.16095
uga,Uganda,119.42695,119.57155,119.71757,119.85945,119.99336,120.12641,120.26617,120.41078,120.5549,120.70321,120.85942,121.02585,121.2006,121.38059,121.56636,121.75208,121.93243,122.1128,122.29128,122.46459,122.63157,122.79156,122.9506,123.10865,123.27082,123.43795,123.60765,123.78038,123.95732,124.14145,124.33321,124.53033,124.72728,124.92125,125.1094,125.28868,125.46264,125.62941,125.79481,125.95958,126.11822
ukr,Ukraine,131.97965,131.95976,131.92655,131.88375,131.83329,131.77684,131.71498,131.64216,131.56133,131.46848,131.3615,131.2408,131.11048,130.96813,130.8187,130.6631,130.49603,130.31779,130.12609,129.93584,129.74832,129.56567,129.39084,129.22808,129.07908,128.94458,128.82082,128.71004,128.60765,128.5134,128.42023,128.32966,128.23908,128.14897,128.05715,127.96862,127.88073,127.78899,127.69731,127.60282,127.50381
ury,Uruguay,129.80421,129.56156,129.32524,129.09053,128.85456,128.61561,128.37838,128.14089,127.90236,127.65955,127.41617,127.17294,126.92972,126.68093,126.42681,126.16993,125.90638,125.63466,125.35797,125.0767,124.79195,124.50676,124.22556,123.95229,123.68891,123.43466,123.18315,122.93892,122.70168,122.47213,122.25425,122.04644,121.84486,121.64827,121.45328,121.25923,121.06631,120.87145,120.67345,120.47225,120.26628
usa,USA,125.03005,124.38787,123.74572,123.11032,122.48447,121.87699,121.29399,120.73416,120.19616,119.68082,119.19256,118.7425,118.33153,117.95878,117.6231,117.32002,117.05235,116.8164,116.61028,116.43202,116.28417,116.1688,116.08506,116.03284,116.01097,116.01268,116.03185,116.06868,116.1188,116.18549,116.27031,116.37295,116.4886,116.6083,116.72521,116.83157,116.93466,117.02732,117.11395,117.19625,117.27907
uzb,Uzbekistan,124.98221,124.84056,124.69551,124.54451,124.3879,124.22696,124.05411,123.87465,123.68919,123.50236,123.31807,123.13355,122.95681,122.78858,122.6302,122.48353,122.3492,122.22831,122.12527,122.04504,121.9872,121.95644,121.95684,121.98827,122.05302,122.15162,122.28573,122.46075,122.67807,122.92787,123.20369,123.50103,123.82066,124.16189,124.52127,124.89248,125.27211,125.66505,126.06816,126.47643,126.88403
vct,St. Vincent and the Grenadines,123.12487,123.1606,123.1901,123.21366,123.23521,123.25411,123.26716,123.27814,123.28244,123.28179,123.28234,123.28461,123.28551,123.28226,123.27528,123.26232,123.24323,123.2218,123.19609,123.16641,123.13105,123.09604,123.06069,123.02613,122.99324,122.9625,122.93533,122.91004,122.8894,122.87521,122.86547,122.86318,122.86498,122.8673,122.87052,122.87647,122.8857,122.88855,122.88796,122.88228,122.8724
ven,Venezuela,128.80942,128.7657,128.70815,128.63678,128.55346,128.45732,128.34374,128.21892,128.08136,127.93286,127.77411,127.60866,127.43808,127.25592,127.06341,126.85528,126.62745,126.38098,126.1183,125.83964,125.54422,125.23445,124.90835,124.56801,124.2159,123.85182,123.47437,123.09154,122.70704,122.32383,121.95129,121.59013,121.23615,120.88361,120.53371,120.19151,119.8531,119.52199,119.1913,118.86033,118.53199
vnm,Vietnam,117.2868,117.3548,117.41723,117.4762,117.5344,117.59198,117.64554,117.69841,117.75149,117.80338,117.858,117.91979,117.98868,118.06411,118.1446,118.22837,118.31708,118.40674,118.49864,118.59,118.67792,118.76317,118.84916,118.93629,119.02409,119.11838,119.21838,119.32769,119.44361,119.5646,119.69076,119.81757,119.9398,120.05868,120.17031,120.27836,120.37998,120.47338,120.56073,120.6417,120.71733
vut,Vanuatu,121.54659,121.77155,121.99598,122.21986,122.44046,122.65916,122.88063,123.10346,123.33301,123.56725,123.80848,124.05786,124.31183,124.56987,124.82977,125.09143,125.35365,125.61027,125.86046,126.11193,126.36283,126.61202,126.85986,127.10289,127.3447,127.58482,127.82309,128.06032,128.29742,128.52932,128.75256,128.97146,129.18773,129.39484,129.59848,129.79836,129.99106,130.17684,130.35735,130.53452,130.70915
wsm,Samoa,122.04015,121.92578,121.80765,121.68793,121.57526,121.47116,121.37565,121.2914,121.2121,121.14199,121.08264,121.03292,120.99329,120.96366,120.94742,120.94302,120.95462,120.98608,121.03374,121.09754,121.17673,121.26684,121.36516,121.46948,121.58554,121.71482,121.8574,122.01193,122.18074,122.36524,122.5673,122.78233,123.01388,123.25963,123.51548,123.77689,124.04365,124.31544,124.59285,124.87436,125.15806
yem,Yemen,123.58032,123.74288,123.90056,124.05535,124.21068,124.36357,124.51511,124.66762,124.81979,124.9695,125.11834,125.26586,125.41188,125.55214,125.67947,125.79498,125.89962,125.99346,126.07465,126.14877,126.21706,126.27969,126.34286,126.40477,126.46658,126.51947,126.56614,126.60628,126.63797,126.66066,126.67151,126.67355,126.66927,126.66262,126.65187,126.63365,126.61088,126.576,126.53563,126.4872,126.4304
zaf,South Africa,128.85976,128.92138,128.97978,129.03508,129.08677,129.13464,129.18238,129.22958,129.27057,129.30065,129.31456,129.31967,129.31085,129.28029,129.22153,129.12783,128.98745,128.81166,128.60596,128.37678,128.12644,127.85951,127.58452,127.31165,127.04861,126.79745,126.55824,126.33034,126.11142,125.89888,125.68721,125.4724,125.24882,125.0137,124.76293,124.50338,124.23448,123.95899,123.67896,123.39295,123.10281
zmb,Zambia,125.43789,125.57753,125.70631,125.8206,125.92565,126.02544,126.09339,126.13987,126.16712,126.18138,126.18881,126.19567,126.20595,126.22285,126.24943,126.28506,126.32558,126.37037,126.42087,126.47959,126.5484,126.62453,126.71276,126.81881,126.94673,127.09638,127.26992,127.46537,127.67748,127.90107,128.13002,128.35991,128.58657,128.80296,129.00527,129.19523,129.37323,129.53909,129.70041,129.85687,130.00811
zwe,Zimbabwe,125.02753,125.28283,125.52988,125.77121,126.00622,126.23312,126.45782,126.67535,126.88581,127.08857,127.28714,127.48473,127.67823,127.86633,128.04851,128.21683,128.36409,128.49343,128.60361,128.70096,128.7802,128.84256,128.89376,128.93568,128.97286,129.00727,129.03756,129.06308,129.08612,129.10365,129.11567,129.11604,129.10333,129.075,129.03783,128.99161,128.94008,128.88847,128.83872,128.79079,128.74267
